circunscripcion_electoral;organizacion_key;categoria_id;orden_visualizacion
UNICO NACIONAL;01;A;1
UNICO NACIONAL;02;A;2
UNICO NACIONAL;03;A;3
UNICO NACIONAL;04;A;4
UNICO NACIONAL;05;A;5
UNICO NACIONAL;06;A;6
UNICO NACIONAL;07;A;7
UNICO NACIONAL;08;A;8
UNICO NACIONAL;09;A;9
UNICO NACIONAL;10;A;10
UNICO NACIONAL;11;A;11
UNICO NACIONAL;12;A;12
UNICO NACIONAL;13;A;13
UNICO NACIONAL;14;A;14
UNICO NACIONAL;15;A;15
UNICO NACIONAL;16;A;16
UNICO NACIONAL;17;A;17
UNICO NACIONAL;18;A;18
UNICO NACIONAL;19;A;19
UNICO NACIONAL;20;A;20
UNICO NACIONAL;21;A;21
UNICO NACIONAL;22;A;22
UNICO NACIONAL;23;A;23
UNICO NACIONAL;24;A;24
UNICO NACIONAL;25;A;25
UNICO NACIONAL;26;A;26
UNICO NACIONAL;27;A;27
UNICO NACIONAL;28;A;28
UNICO NACIONAL;29;A;29
UNICO NACIONAL;30;A;30
UNICO NACIONAL;31;A;31
UNICO NACIONAL;32;A;32
UNICO NACIONAL;33;A;33
UNICO NACIONAL;34;A;34
UNICO NACIONAL;35;A;35
UNICO NACIONAL;36;A;36
UNICO NACIONAL;37;A;37
UNICO NACIONAL;38;A;38
UNICO NACIONAL;39;A;39
UNICO NACIONAL;40;A;40
UNICO NACIONAL;41;A;41
UNICO NACIONAL;01;E;1
UNICO NACIONAL;02;E;2
UNICO NACIONAL;03;E;3
UNICO NACIONAL;04;E;4
UNICO NACIONAL;05;E;5
UNICO NACIONAL;06;E;6
UNICO NACIONAL;07;E;7
UNICO NACIONAL;08;E;8
UNICO NACIONAL;09;E;9
UNICO NACIONAL;10;E;10
UNICO NACIONAL;11;E;11
UNICO NACIONAL;12;E;12
UNICO NACIONAL;13;E;13
UNICO NACIONAL;14;E;14
UNICO NACIONAL;15;E;15
UNICO NACIONAL;16;E;16
UNICO NACIONAL;17;E;17
UNICO NACIONAL;18;E;18
UNICO NACIONAL;19;E;19
UNICO NACIONAL;20;E;20
UNICO NACIONAL;21;E;21
UNICO NACIONAL;22;E;22
UNICO NACIONAL;23;E;23
UNICO NACIONAL;24;E;24
UNICO NACIONAL;25;E;25
UNICO NACIONAL;26;E;26
UNICO NACIONAL;27;E;27
UNICO NACIONAL;28;E;28
UNICO NACIONAL;29;E;29
UNICO NACIONAL;30;E;30
UNICO NACIONAL;31;E;31
UNICO NACIONAL;32;E;32
UNICO NACIONAL;33;E;33
UNICO NACIONAL;34;E;34
UNICO NACIONAL;35;E;35
UNICO NACIONAL;36;E;36
UNICO NACIONAL;37;E;37
UNICO NACIONAL;38;E;38
UNICO NACIONAL;39;E;39
UNICO NACIONAL;40;E;40
UNICO NACIONAL;41;E;41
UNICO NACIONAL;01;B;1
UNICO NACIONAL;02;B;2
UNICO NACIONAL;03;B;3
UNICO NACIONAL;04;B;4
UNICO NACIONAL;05;B;5
UNICO NACIONAL;06;B;6
UNICO NACIONAL;07;B;7
UNICO NACIONAL;08;B;8
UNICO NACIONAL;09;B;9
UNICO NACIONAL;10;B;10
UNICO NACIONAL;11;B;11
UNICO NACIONAL;12;B;12
UNICO NACIONAL;13;B;13
UNICO NACIONAL;14;B;14
UNICO NACIONAL;15;B;15
UNICO NACIONAL;16;B;16
UNICO NACIONAL;17;B;17
UNICO NACIONAL;18;B;18
UNICO NACIONAL;19;B;19
UNICO NACIONAL;20;B;20
UNICO NACIONAL;21;B;21
UNICO NACIONAL;22;B;22
UNICO NACIONAL;23;B;23
UNICO NACIONAL;24;B;24
UNICO NACIONAL;25;B;25
UNICO NACIONAL;26;B;26
UNICO NACIONAL;27;B;27
UNICO NACIONAL;28;B;28
UNICO NACIONAL;29;B;29
UNICO NACIONAL;30;B;30
UNICO NACIONAL;31;B;31
UNICO NACIONAL;32;B;32
UNICO NACIONAL;33;B;33
UNICO NACIONAL;34;B;34
UNICO NACIONAL;35;B;35
UNICO NACIONAL;36;B;36
UNICO NACIONAL;37;B;37
UNICO NACIONAL;38;B;38
UNICO NACIONAL;39;B;39
UNICO NACIONAL;40;B;40
UNICO NACIONAL;41;B;41
AMAZONAS;28;C;1
AMAZONAS;32;C;2
AMAZONAS;08;C;3
AMAZONAS;23;C;4
AMAZONAS;24;C;5
AMAZONAS;16;C;6
AMAZONAS;34;C;7
AMAZONAS;09;C;8
AMAZONAS;31;C;9
AMAZONAS;33;C;10
AMAZONAS;19;C;11
AMAZONAS;05;C;12
AMAZONAS;37;C;13
AMAZONAS;39;C;14
AMAZONAS;20;C;15
AMAZONAS;14;C;16
AMAZONAS;36;C;17
AMAZONAS;40;C;18
AMAZONAS;41;C;19
AMAZONAS;28;D;1
AMAZONAS;32;D;2
AMAZONAS;14;D;3
AMAZONAS;33;D;4
AMAZONAS;24;D;5
AMAZONAS;08;D;6
AMAZONAS;39;D;7
AMAZONAS;05;D;8
AMAZONAS;20;D;9
AMAZONAS;19;D;10
AMAZONAS;23;D;11
AMAZONAS;34;D;12
AMAZONAS;40;D;13
AMAZONAS;41;D;14
ANCASH;03;C;1
ANCASH;37;C;2
ANCASH;24;C;3
ANCASH;17;C;4
ANCASH;28;C;5
ANCASH;34;C;6
ANCASH;11;C;7
ANCASH;05;C;8
ANCASH;15;C;9
ANCASH;02;C;10
ANCASH;09;C;11
ANCASH;20;C;12
ANCASH;12;C;13
ANCASH;14;C;14
ANCASH;10;C;15
ANCASH;08;C;16
ANCASH;40;C;17
ANCASH;41;C;18
ANCASH;15;D;1
ANCASH;20;D;2
ANCASH;10;D;3
ANCASH;03;D;4
ANCASH;02;D;5
ANCASH;09;D;6
ANCASH;14;D;7
ANCASH;37;D;8
ANCASH;24;D;9
ANCASH;17;D;10
ANCASH;28;D;11
ANCASH;05;D;12
ANCASH;34;D;13
ANCASH;08;D;14
ANCASH;12;D;15
ANCASH;40;D;16
ANCASH;41;D;17
APURIMAC;07;C;1
APURIMAC;37;C;2
APURIMAC;18;C;3
APURIMAC;09;C;4
APURIMAC;04;C;5
APURIMAC;19;C;6
APURIMAC;10;C;7
APURIMAC;15;C;8
APURIMAC;27;C;9
APURIMAC;36;C;10
APURIMAC;39;C;11
APURIMAC;14;C;12
APURIMAC;17;C;13
APURIMAC;01;C;14
APURIMAC;31;C;15
APURIMAC;40;C;16
APURIMAC;41;C;17
APURIMAC;10;D;1
APURIMAC;07;D;2
APURIMAC;15;D;3
APURIMAC;31;D;4
APURIMAC;37;D;5
APURIMAC;18;D;6
APURIMAC;19;D;7
APURIMAC;09;D;8
APURIMAC;27;D;9
APURIMAC;17;D;10
APURIMAC;39;D;11
APURIMAC;40;D;12
APURIMAC;41;D;13
AREQUIPA;23;C;1
AREQUIPA;27;C;2
AREQUIPA;15;C;3
AREQUIPA;01;C;4
AREQUIPA;10;C;5
AREQUIPA;20;C;6
AREQUIPA;02;C;7
AREQUIPA;31;C;8
AREQUIPA;03;C;9
AREQUIPA;35;C;10
AREQUIPA;24;C;11
AREQUIPA;39;C;12
AREQUIPA;11;C;13
AREQUIPA;37;C;14
AREQUIPA;34;C;15
AREQUIPA;09;C;16
AREQUIPA;40;C;17
AREQUIPA;41;C;18
AREQUIPA;01;D;1
AREQUIPA;34;D;2
AREQUIPA;24;D;3
AREQUIPA;23;D;4
AREQUIPA;09;D;5
AREQUIPA;31;D;6
AREQUIPA;15;D;7
AREQUIPA;20;D;8
AREQUIPA;37;D;9
AREQUIPA;35;D;10
AREQUIPA;02;D;11
AREQUIPA;27;D;12
AREQUIPA;03;D;13
AREQUIPA;40;D;14
AREQUIPA;41;D;15
AYACUCHO;12;C;1
AYACUCHO;11;C;2
AYACUCHO;36;C;3
AYACUCHO;25;C;4
AYACUCHO;22;C;5
AYACUCHO;29;C;6
AYACUCHO;18;C;7
AYACUCHO;26;C;8
AYACUCHO;28;C;9
AYACUCHO;10;C;10
AYACUCHO;01;C;11
AYACUCHO;17;C;12
AYACUCHO;09;C;13
AYACUCHO;31;C;14
AYACUCHO;39;C;15
AYACUCHO;40;C;16
AYACUCHO;41;C;17
AYACUCHO;26;D;1
AYACUCHO;12;D;2
AYACUCHO;17;D;3
AYACUCHO;11;D;4
AYACUCHO;10;D;5
AYACUCHO;01;D;6
AYACUCHO;36;D;7
AYACUCHO;25;D;8
AYACUCHO;28;D;9
AYACUCHO;18;D;10
AYACUCHO;22;D;11
AYACUCHO;39;D;12
AYACUCHO;31;D;13
AYACUCHO;40;D;14
AYACUCHO;41;D;15
CAJAMARCA;13;C;1
CAJAMARCA;18;C;2
CAJAMARCA;03;C;3
CAJAMARCA;25;C;4
CAJAMARCA;02;C;5
CAJAMARCA;39;C;6
CAJAMARCA;31;C;7
CAJAMARCA;23;C;8
CAJAMARCA;32;C;9
CAJAMARCA;38;C;10
CAJAMARCA;15;C;11
CAJAMARCA;04;C;12
CAJAMARCA;05;C;13
CAJAMARCA;01;C;14
CAJAMARCA;22;C;15
CAJAMARCA;16;C;16
CAJAMARCA;06;C;17
CAJAMARCA;33;C;18
CAJAMARCA;27;C;19
CAJAMARCA;40;C;20
CAJAMARCA;41;C;21
CAJAMARCA;13;D;1
CAJAMARCA;18;D;2
CAJAMARCA;31;D;3
CAJAMARCA;06;D;4
CAJAMARCA;03;D;5
CAJAMARCA;02;D;6
CAJAMARCA;01;D;7
CAJAMARCA;23;D;8
CAJAMARCA;22;D;9
CAJAMARCA;32;D;10
CAJAMARCA;16;D;11
CAJAMARCA;39;D;12
CAJAMARCA;38;D;13
CAJAMARCA;04;D;14
CAJAMARCA;05;D;15
CAJAMARCA;15;D;16
CAJAMARCA;40;D;17
CAJAMARCA;41;D;18
CALLAO;04;C;1
CALLAO;36;C;2
CALLAO;22;C;3
CALLAO;13;C;4
CALLAO;17;C;5
CALLAO;16;C;6
CALLAO;20;C;7
CALLAO;15;C;8
CALLAO;27;C;9
CALLAO;03;C;10
CALLAO;11;C;11
CALLAO;21;C;12
CALLAO;32;C;13
CALLAO;06;C;14
CALLAO;30;C;15
CALLAO;28;C;16
CALLAO;39;C;17
CALLAO;29;C;18
CALLAO;23;C;19
CALLAO;02;C;20
CALLAO;10;C;21
CALLAO;24;C;22
CALLAO;40;C;23
CALLAO;41;C;24
CALLAO;16;D;1
CALLAO;02;D;2
CALLAO;32;D;3
CALLAO;21;D;4
CALLAO;15;D;5
CALLAO;24;D;6
CALLAO;10;D;7
CALLAO;39;D;8
CALLAO;17;D;9
CALLAO;03;D;10
CALLAO;28;D;11
CALLAO;04;D;12
CALLAO;29;D;13
CALLAO;22;D;14
CALLAO;40;D;15
CALLAO;41;D;16
CUSCO;06;C;1
CUSCO;27;C;2
CUSCO;24;C;3
CUSCO;05;C;4
CUSCO;04;C;5
CUSCO;26;C;6
CUSCO;34;C;7
CUSCO;37;C;8
CUSCO;29;C;9
CUSCO;23;C;10
CUSCO;33;C;11
CUSCO;10;C;12
CUSCO;38;C;13
CUSCO;25;C;14
CUSCO;36;C;15
CUSCO;19;C;16
CUSCO;08;C;17
CUSCO;03;C;18
CUSCO;07;C;19
CUSCO;02;C;20
CUSCO;17;C;21
CUSCO;12;C;22
CUSCO;30;C;23
CUSCO;13;C;24
CUSCO;40;C;25
CUSCO;41;C;26
CUSCO;38;D;1
CUSCO;06;D;2
CUSCO;26;D;3
CUSCO;02;D;4
CUSCO;04;D;5
CUSCO;12;D;6
CUSCO;23;D;7
CUSCO;03;D;8
CUSCO;27;D;9
CUSCO;05;D;10
CUSCO;25;D;11
CUSCO;13;D;12
CUSCO;29;D;13
CUSCO;36;D;14
CUSCO;19;D;15
CUSCO;08;D;16
CUSCO;10;D;17
CUSCO;33;D;18
CUSCO;24;D;19
CUSCO;07;D;20
CUSCO;40;D;21
CUSCO;41;D;22
HUANCAVELICA;30;C;1
HUANCAVELICA;02;C;2
HUANCAVELICA;16;C;3
HUANCAVELICA;13;C;4
HUANCAVELICA;14;C;5
HUANCAVELICA;07;C;6
HUANCAVELICA;09;C;7
HUANCAVELICA;01;C;8
HUANCAVELICA;08;C;9
HUANCAVELICA;27;C;10
HUANCAVELICA;29;C;11
HUANCAVELICA;04;C;12
HUANCAVELICA;36;C;13
HUANCAVELICA;26;C;14
HUANCAVELICA;24;C;15
HUANCAVELICA;05;C;16
HUANCAVELICA;35;C;17
HUANCAVELICA;32;C;18
HUANCAVELICA;03;C;19
HUANCAVELICA;40;C;20
HUANCAVELICA;41;C;21
HUANCAVELICA;03;D;1
HUANCAVELICA;29;D;2
HUANCAVELICA;30;D;3
HUANCAVELICA;04;D;4
HUANCAVELICA;35;D;5
HUANCAVELICA;36;D;6
HUANCAVELICA;02;D;7
HUANCAVELICA;14;D;8
HUANCAVELICA;05;D;9
HUANCAVELICA;32;D;10
HUANCAVELICA;09;D;11
HUANCAVELICA;40;D;12
HUANCAVELICA;41;D;13
HUANUCO;26;C;1
HUANUCO;38;C;2
HUANUCO;03;C;3
HUANUCO;18;C;4
HUANUCO;04;C;5
HUANUCO;10;C;6
HUANUCO;07;C;7
HUANUCO;36;C;8
HUANUCO;23;C;9
HUANUCO;05;C;10
HUANUCO;02;C;11
HUANUCO;28;C;12
HUANUCO;25;C;13
HUANUCO;11;C;14
HUANUCO;40;C;15
HUANUCO;41;C;16
HUANUCO;18;D;1
HUANUCO;04;D;2
HUANUCO;25;D;3
HUANUCO;11;D;4
HUANUCO;10;D;5
HUANUCO;05;D;6
HUANUCO;36;D;7
HUANUCO;07;D;8
HUANUCO;03;D;9
HUANUCO;40;D;10
HUANUCO;41;D;11
ICA;29;C;1
ICA;10;C;2
ICA;06;C;3
ICA;26;C;4
ICA;05;C;5
ICA;18;C;6
ICA;13;C;7
ICA;38;C;8
ICA;37;C;9
ICA;31;C;10
ICA;32;C;11
ICA;04;C;12
ICA;03;C;13
ICA;09;C;14
ICA;40;C;15
ICA;41;C;16
ICA;37;D;1
ICA;38;D;2
ICA;32;D;3
ICA;13;D;4
ICA;18;D;5
ICA;03;D;6
ICA;09;D;7
ICA;31;D;8
ICA;05;D;9
ICA;26;D;10
ICA;06;D;11
ICA;10;D;12
ICA;29;D;13
ICA;40;D;14
ICA;41;D;15
JUNIN;12;C;1
JUNIN;15;C;2
JUNIN;33;C;3
JUNIN;34;C;4
JUNIN;35;C;5
JUNIN;28;C;6
JUNIN;32;C;7
JUNIN;18;C;8
JUNIN;16;C;9
JUNIN;09;C;10
JUNIN;20;C;11
JUNIN;10;C;12
JUNIN;06;C;13
JUNIN;24;C;14
JUNIN;25;C;15
JUNIN;08;C;16
JUNIN;30;C;17
JUNIN;40;C;18
JUNIN;41;C;19
JUNIN;09;D;1
JUNIN;12;D;2
JUNIN;15;D;3
JUNIN;32;D;4
JUNIN;35;D;5
JUNIN;24;D;6
JUNIN;20;D;7
JUNIN;06;D;8
JUNIN;34;D;9
JUNIN;16;D;10
JUNIN;33;D;11
JUNIN;28;D;12
JUNIN;40;D;13
JUNIN;41;D;14
LA LIBERTAD;32;C;1
LA LIBERTAD;07;C;2
LA LIBERTAD;01;C;3
LA LIBERTAD;06;C;4
LA LIBERTAD;36;C;5
LA LIBERTAD;18;C;6
LA LIBERTAD;10;C;7
LA LIBERTAD;02;C;8
LA LIBERTAD;27;C;9
LA LIBERTAD;20;C;10
LA LIBERTAD;05;C;11
LA LIBERTAD;08;C;12
LA LIBERTAD;31;C;13
LA LIBERTAD;15;C;14
LA LIBERTAD;25;C;15
LA LIBERTAD;04;C;16
LA LIBERTAD;28;C;17
LA LIBERTAD;40;C;18
LA LIBERTAD;41;C;19
LA LIBERTAD;20;D;1
LA LIBERTAD;07;D;2
LA LIBERTAD;02;D;3
LA LIBERTAD;08;D;4
LA LIBERTAD;18;D;5
LA LIBERTAD;27;D;6
LA LIBERTAD;25;D;7
LA LIBERTAD;15;D;8
LA LIBERTAD;32;D;9
LA LIBERTAD;31;D;10
LA LIBERTAD;06;D;11
LA LIBERTAD;01;D;12
LA LIBERTAD;36;D;13
LA LIBERTAD;04;D;14
LA LIBERTAD;28;D;15
LA LIBERTAD;05;D;16
LA LIBERTAD;40;D;17
LA LIBERTAD;41;D;18
LAMBAYEQUE;03;C;1
LAMBAYEQUE;08;C;2
LAMBAYEQUE;37;C;3
LAMBAYEQUE;02;C;4
LAMBAYEQUE;20;C;5
LAMBAYEQUE;06;C;6
LAMBAYEQUE;07;C;7
LAMBAYEQUE;18;C;8
LAMBAYEQUE;34;C;9
LAMBAYEQUE;25;C;10
LAMBAYEQUE;27;C;11
LAMBAYEQUE;33;C;12
LAMBAYEQUE;04;C;13
LAMBAYEQUE;31;C;14
LAMBAYEQUE;10;C;15
LAMBAYEQUE;12;C;16
LAMBAYEQUE;15;C;17
LAMBAYEQUE;30;C;18
LAMBAYEQUE;38;C;19
LAMBAYEQUE;35;C;20
LAMBAYEQUE;40;C;21
LAMBAYEQUE;41;C;22
LAMBAYEQUE;20;D;1
LAMBAYEQUE;25;D;2
LAMBAYEQUE;12;D;3
LAMBAYEQUE;18;D;4
LAMBAYEQUE;38;D;5
LAMBAYEQUE;15;D;6
LAMBAYEQUE;35;D;7
LAMBAYEQUE;30;D;8
LAMBAYEQUE;10;D;9
LAMBAYEQUE;33;D;10
LAMBAYEQUE;02;D;11
LAMBAYEQUE;37;D;12
LAMBAYEQUE;08;D;13
LAMBAYEQUE;04;D;14
LAMBAYEQUE;03;D;15
LAMBAYEQUE;27;D;16
LAMBAYEQUE;31;D;17
LAMBAYEQUE;34;D;18
LAMBAYEQUE;40;D;19
LAMBAYEQUE;41;D;20
LIMA METROPOLITANA;01;C;1
LIMA METROPOLITANA;02;C;2
LIMA METROPOLITANA;03;C;3
LIMA METROPOLITANA;04;C;4
LIMA METROPOLITANA;05;C;5
LIMA METROPOLITANA;06;C;6
LIMA METROPOLITANA;07;C;7
LIMA METROPOLITANA;08;C;8
LIMA METROPOLITANA;09;C;9
LIMA METROPOLITANA;10;C;10
LIMA METROPOLITANA;11;C;11
LIMA METROPOLITANA;12;C;12
LIMA METROPOLITANA;13;C;13
LIMA METROPOLITANA;14;C;14
LIMA METROPOLITANA;15;C;15
LIMA METROPOLITANA;16;C;16
LIMA METROPOLITANA;17;C;17
LIMA METROPOLITANA;18;C;18
LIMA METROPOLITANA;19;C;19
LIMA METROPOLITANA;20;C;20
LIMA METROPOLITANA;21;C;21
LIMA METROPOLITANA;22;C;22
LIMA METROPOLITANA;23;C;23
LIMA METROPOLITANA;24;C;24
LIMA METROPOLITANA;25;C;25
LIMA METROPOLITANA;26;C;26
LIMA METROPOLITANA;27;C;27
LIMA METROPOLITANA;28;C;28
LIMA METROPOLITANA;29;C;29
LIMA METROPOLITANA;30;C;30
LIMA METROPOLITANA;31;C;31
LIMA METROPOLITANA;32;C;32
LIMA METROPOLITANA;33;C;33
LIMA METROPOLITANA;34;C;34
LIMA METROPOLITANA;35;C;35
LIMA METROPOLITANA;36;C;36
LIMA METROPOLITANA;37;C;37
LIMA METROPOLITANA;38;C;38
LIMA METROPOLITANA;39;C;39
LIMA METROPOLITANA;40;C;40
LIMA METROPOLITANA;41;C;41
LIMA METROPOLITANA;01;D;1
LIMA METROPOLITANA;02;D;2
LIMA METROPOLITANA;03;D;3
LIMA METROPOLITANA;04;D;4
LIMA METROPOLITANA;05;D;5
LIMA METROPOLITANA;06;D;6
LIMA METROPOLITANA;07;D;7
LIMA METROPOLITANA;08;D;8
LIMA METROPOLITANA;09;D;9
LIMA METROPOLITANA;10;D;10
LIMA METROPOLITANA;11;D;11
LIMA METROPOLITANA;12;D;12
LIMA METROPOLITANA;13;D;13
LIMA METROPOLITANA;14;D;14
LIMA METROPOLITANA;15;D;15
LIMA METROPOLITANA;16;D;16
LIMA METROPOLITANA;17;D;17
LIMA METROPOLITANA;18;D;18
LIMA METROPOLITANA;19;D;19
LIMA METROPOLITANA;20;D;20
LIMA METROPOLITANA;21;D;21
LIMA METROPOLITANA;22;D;22
LIMA METROPOLITANA;23;D;23
LIMA METROPOLITANA;24;D;24
LIMA METROPOLITANA;25;D;25
LIMA METROPOLITANA;26;D;26
LIMA METROPOLITANA;27;D;27
LIMA METROPOLITANA;28;D;28
LIMA METROPOLITANA;29;D;29
LIMA METROPOLITANA;30;D;30
LIMA METROPOLITANA;31;D;31
LIMA METROPOLITANA;32;D;32
LIMA METROPOLITANA;33;D;33
LIMA METROPOLITANA;34;D;34
LIMA METROPOLITANA;35;D;35
LIMA METROPOLITANA;36;D;36
LIMA METROPOLITANA;37;D;37
LIMA METROPOLITANA;38;D;38
LIMA METROPOLITANA;39;D;39
LIMA METROPOLITANA;40;D;40
LIMA METROPOLITANA;41;D;41
LIMA PROVINCIAS;04;C;1
LIMA PROVINCIAS;23;C;2
LIMA PROVINCIAS;29;C;3
LIMA PROVINCIAS;25;C;4
LIMA PROVINCIAS;37;C;5
LIMA PROVINCIAS;35;C;6
LIMA PROVINCIAS;01;C;7
LIMA PROVINCIAS;08;C;8
LIMA PROVINCIAS;15;C;9
LIMA PROVINCIAS;09;C;10
LIMA PROVINCIAS;18;C;11
LIMA PROVINCIAS;31;C;12
LIMA PROVINCIAS;12;C;13
LIMA PROVINCIAS;02;C;14
LIMA PROVINCIAS;19;C;15
LIMA PROVINCIAS;11;C;16
LIMA PROVINCIAS;10;C;17
LIMA PROVINCIAS;21;C;18
LIMA PROVINCIAS;40;C;19
LIMA PROVINCIAS;41;C;20
LIMA PROVINCIAS;09;D;1
LIMA PROVINCIAS;08;D;2
LIMA PROVINCIAS;31;D;3
LIMA PROVINCIAS;25;D;4
LIMA PROVINCIAS;18;D;5
LIMA PROVINCIAS;37;D;6
LIMA PROVINCIAS;12;D;7
LIMA PROVINCIAS;19;D;8
LIMA PROVINCIAS;01;D;9
LIMA PROVINCIAS;35;D;10
LIMA PROVINCIAS;02;D;11
LIMA PROVINCIAS;40;D;12
LIMA PROVINCIAS;41;D;13
PERUANOS RESIDENTES EN EL EXTRANJERO;24;C;1
PERUANOS RESIDENTES EN EL EXTRANJERO;01;C;2
PERUANOS RESIDENTES EN EL EXTRANJERO;11;C;3
PERUANOS RESIDENTES EN EL EXTRANJERO;16;C;4
PERUANOS RESIDENTES EN EL EXTRANJERO;08;C;5
PERUANOS RESIDENTES EN EL EXTRANJERO;31;C;6
PERUANOS RESIDENTES EN EL EXTRANJERO;33;C;7
PERUANOS RESIDENTES EN EL EXTRANJERO;09;C;8
PERUANOS RESIDENTES EN EL EXTRANJERO;30;C;9
PERUANOS RESIDENTES EN EL EXTRANJERO;15;C;10
PERUANOS RESIDENTES EN EL EXTRANJERO;32;C;11
PERUANOS RESIDENTES EN EL EXTRANJERO;19;C;12
PERUANOS RESIDENTES EN EL EXTRANJERO;39;C;13
PERUANOS RESIDENTES EN EL EXTRANJERO;03;C;14
PERUANOS RESIDENTES EN EL EXTRANJERO;12;C;15
PERUANOS RESIDENTES EN EL EXTRANJERO;07;C;16
PERUANOS RESIDENTES EN EL EXTRANJERO;05;C;17
PERUANOS RESIDENTES EN EL EXTRANJERO;10;C;18
PERUANOS RESIDENTES EN EL EXTRANJERO;25;C;19
PERUANOS RESIDENTES EN EL EXTRANJERO;21;C;20
PERUANOS RESIDENTES EN EL EXTRANJERO;27;C;21
PERUANOS RESIDENTES EN EL EXTRANJERO;26;C;22
PERUANOS RESIDENTES EN EL EXTRANJERO;38;C;23
PERUANOS RESIDENTES EN EL EXTRANJERO;40;C;24
PERUANOS RESIDENTES EN EL EXTRANJERO;41;C;25
PERUANOS RESIDENTES EN EL EXTRANJERO;24;D;1
PERUANOS RESIDENTES EN EL EXTRANJERO;09;D;2
PERUANOS RESIDENTES EN EL EXTRANJERO;03;D;3
PERUANOS RESIDENTES EN EL EXTRANJERO;08;D;4
PERUANOS RESIDENTES EN EL EXTRANJERO;21;D;5
PERUANOS RESIDENTES EN EL EXTRANJERO;12;D;6
PERUANOS RESIDENTES EN EL EXTRANJERO;31;D;7
PERUANOS RESIDENTES EN EL EXTRANJERO;30;D;8
PERUANOS RESIDENTES EN EL EXTRANJERO;19;D;9
PERUANOS RESIDENTES EN EL EXTRANJERO;05;D;10
PERUANOS RESIDENTES EN EL EXTRANJERO;33;D;11
PERUANOS RESIDENTES EN EL EXTRANJERO;01;D;12
PERUANOS RESIDENTES EN EL EXTRANJERO;11;D;13
PERUANOS RESIDENTES EN EL EXTRANJERO;27;D;14
PERUANOS RESIDENTES EN EL EXTRANJERO;15;D;15
PERUANOS RESIDENTES EN EL EXTRANJERO;40;D;16
PERUANOS RESIDENTES EN EL EXTRANJERO;41;D;17
LORETO;19;C;1
LORETO;11;C;2
LORETO;01;C;3
LORETO;22;C;4
LORETO;18;C;5
LORETO;17;C;6
LORETO;28;C;7
LORETO;33;C;8
LORETO;13;C;9
LORETO;06;C;10
LORETO;26;C;11
LORETO;24;C;12
LORETO;25;C;13
LORETO;37;C;14
LORETO;36;C;15
LORETO;31;C;16
LORETO;20;C;17
LORETO;12;C;18
LORETO;02;C;19
LORETO;08;C;20
LORETO;38;C;21
LORETO;04;C;22
LORETO;05;C;23
LORETO;40;C;24
LORETO;41;C;25
LORETO;22;D;1
LORETO;37;D;2
LORETO;18;D;3
LORETO;36;D;4
LORETO;31;D;5
LORETO;11;D;6
LORETO;33;D;7
LORETO;13;D;8
LORETO;12;D;9
LORETO;38;D;10
LORETO;25;D;11
LORETO;17;D;12
LORETO;28;D;13
LORETO;20;D;14
LORETO;04;D;15
LORETO;19;D;16
LORETO;01;D;17
LORETO;05;D;18
LORETO;06;D;19
LORETO;26;D;20
LORETO;40;D;21
LORETO;41;D;22
MADRE DE DIOS;25;C;1
MADRE DE DIOS;31;C;2
MADRE DE DIOS;23;C;3
MADRE DE DIOS;06;C;4
MADRE DE DIOS;13;C;5
MADRE DE DIOS;17;C;6
MADRE DE DIOS;03;C;7
MADRE DE DIOS;04;C;8
MADRE DE DIOS;09;C;9
MADRE DE DIOS;05;C;10
MADRE DE DIOS;20;C;11
MADRE DE DIOS;26;C;12
MADRE DE DIOS;40;C;13
MADRE DE DIOS;41;C;14
MADRE DE DIOS;17;D;1
MADRE DE DIOS;13;D;2
MADRE DE DIOS;09;D;3
MADRE DE DIOS;26;D;4
MADRE DE DIOS;25;D;5
MADRE DE DIOS;04;D;6
MADRE DE DIOS;31;D;7
MADRE DE DIOS;05;D;8
MADRE DE DIOS;40;D;9
MADRE DE DIOS;41;D;10
MOQUEGUA;26;C;1
MOQUEGUA;13;C;2
MOQUEGUA;25;C;3
MOQUEGUA;32;C;4
MOQUEGUA;37;C;5
MOQUEGUA;02;C;6
MOQUEGUA;04;C;7
MOQUEGUA;05;C;8
MOQUEGUA;30;C;9
MOQUEGUA;36;C;10
MOQUEGUA;33;C;11
MOQUEGUA;01;C;12
MOQUEGUA;34;C;13
MOQUEGUA;21;C;14
MOQUEGUA;03;C;15
MOQUEGUA;17;C;16
MOQUEGUA;22;C;17
MOQUEGUA;15;C;18
MOQUEGUA;08;C;19
MOQUEGUA;39;C;20
MOQUEGUA;20;C;21
MOQUEGUA;40;C;22
MOQUEGUA;41;C;23
MOQUEGUA;26;D;1
MOQUEGUA;13;D;2
MOQUEGUA;22;D;3
MOQUEGUA;25;D;4
MOQUEGUA;05;D;5
MOQUEGUA;39;D;6
MOQUEGUA;08;D;7
MOQUEGUA;33;D;8
MOQUEGUA;03;D;9
MOQUEGUA;34;D;10
MOQUEGUA;32;D;11
MOQUEGUA;37;D;12
MOQUEGUA;15;D;13
MOQUEGUA;01;D;14
MOQUEGUA;02;D;15
MOQUEGUA;30;D;16
MOQUEGUA;36;D;17
MOQUEGUA;40;D;18
MOQUEGUA;41;D;19
PASCO;24;C;1
PASCO;25;C;2
PASCO;36;C;3
PASCO;16;C;4
PASCO;18;C;5
PASCO;37;C;6
PASCO;32;C;7
PASCO;15;C;8
PASCO;05;C;9
PASCO;27;C;10
PASCO;26;C;11
PASCO;33;C;12
PASCO;39;C;13
PASCO;17;C;14
PASCO;19;C;15
PASCO;09;C;16
PASCO;07;C;17
PASCO;38;C;18
PASCO;23;C;19
PASCO;11;C;20
PASCO;04;C;21
PASCO;21;C;22
PASCO;40;C;23
PASCO;41;C;24
PASCO;11;D;1
PASCO;16;D;2
PASCO;38;D;3
PASCO;25;D;4
PASCO;27;D;5
PASCO;24;D;6
PASCO;09;D;7
PASCO;07;D;8
PASCO;23;D;9
PASCO;15;D;10
PASCO;36;D;11
PASCO;21;D;12
PASCO;37;D;13
PASCO;05;D;14
PASCO;26;D;15
PASCO;04;D;16
PASCO;19;D;17
PASCO;18;D;18
PASCO;32;D;19
PASCO;40;D;20
PASCO;41;D;21
PIURA;37;C;1
PIURA;07;C;2
PIURA;39;C;3
PIURA;31;C;4
PIURA;16;C;5
PIURA;26;C;6
PIURA;24;C;7
PIURA;02;C;8
PIURA;28;C;9
PIURA;20;C;10
PIURA;34;C;11
PIURA;21;C;12
PIURA;25;C;13
PIURA;09;C;14
PIURA;33;C;15
PIURA;01;C;16
PIURA;05;C;17
PIURA;14;C;18
PIURA;40;C;19
PIURA;41;C;20
PIURA;16;D;1
PIURA;31;D;2
PIURA;05;D;3
PIURA;07;D;4
PIURA;39;D;5
PIURA;33;D;6
PIURA;25;D;7
PIURA;37;D;8
PIURA;28;D;9
PIURA;20;D;10
PIURA;09;D;11
PIURA;40;D;12
PIURA;41;D;13
PUNO;25;C;1
PUNO;20;C;2
PUNO;38;C;3
PUNO;13;C;4
PUNO;35;C;5
PUNO;09;C;6
PUNO;32;C;7
PUNO;12;C;8
PUNO;36;C;9
PUNO;18;C;10
PUNO;14;C;11
PUNO;04;C;12
PUNO;23;C;13
PUNO;33;C;14
PUNO;27;C;15
PUNO;02;C;16
PUNO;06;C;17
PUNO;40;C;18
PUNO;41;C;19
PUNO;38;D;1
PUNO;36;D;2
PUNO;12;D;3
PUNO;04;D;4
PUNO;20;D;5
PUNO;09;D;6
PUNO;14;D;7
PUNO;25;D;8
PUNO;23;D;9
PUNO;33;D;10
PUNO;06;D;11
PUNO;32;D;12
PUNO;13;D;13
PUNO;27;D;14
PUNO;40;D;15
PUNO;41;D;16
SAN MARTIN;09;C;1
SAN MARTIN;10;C;2
SAN MARTIN;24;C;3
SAN MARTIN;39;C;4
SAN MARTIN;03;C;5
SAN MARTIN;23;C;6
SAN MARTIN;18;C;7
SAN MARTIN;20;C;8
SAN MARTIN;27;C;9
SAN MARTIN;02;C;10
SAN MARTIN;16;C;11
SAN MARTIN;07;C;12
SAN MARTIN;12;C;13
SAN MARTIN;28;C;14
SAN MARTIN;13;C;15
SAN MARTIN;22;C;16
SAN MARTIN;11;C;17
SAN MARTIN;25;C;18
SAN MARTIN;14;C;19
SAN MARTIN;21;C;20
SAN MARTIN;17;C;21
SAN MARTIN;19;C;22
SAN MARTIN;36;C;23
SAN MARTIN;29;C;24
SAN MARTIN;40;C;25
SAN MARTIN;41;C;26
SAN MARTIN;10;D;1
SAN MARTIN;28;D;2
SAN MARTIN;20;D;3
SAN MARTIN;09;D;4
SAN MARTIN;07;D;5
SAN MARTIN;11;D;6
SAN MARTIN;22;D;7
SAN MARTIN;27;D;8
SAN MARTIN;24;D;9
SAN MARTIN;12;D;10
SAN MARTIN;36;D;11
SAN MARTIN;03;D;12
SAN MARTIN;19;D;13
SAN MARTIN;02;D;14
SAN MARTIN;25;D;15
SAN MARTIN;18;D;16
SAN MARTIN;23;D;17
SAN MARTIN;17;D;18
SAN MARTIN;16;D;19
SAN MARTIN;39;D;20
SAN MARTIN;40;D;21
SAN MARTIN;41;D;22
TACNA;12;C;1
TACNA;16;C;2
TACNA;23;C;3
TACNA;31;C;4
TACNA;04;C;5
TACNA;08;C;6
TACNA;20;C;7
TACNA;10;C;8
TACNA;28;C;9
TACNA;32;C;10
TACNA;38;C;11
TACNA;03;C;12
TACNA;06;C;13
TACNA;18;C;14
TACNA;09;C;15
TACNA;02;C;16
TACNA;25;C;17
TACNA;29;C;18
TACNA;33;C;19
TACNA;07;C;20
TACNA;14;C;21
TACNA;30;C;22
TACNA;17;C;23
TACNA;21;C;24
TACNA;40;C;25
TACNA;41;C;26
TACNA;16;D;1
TACNA;21;D;2
TACNA;12;D;3
TACNA;03;D;4
TACNA;17;D;5
TACNA;04;D;6
TACNA;29;D;7
TACNA;28;D;8
TACNA;18;D;9
TACNA;10;D;10
TACNA;06;D;11
TACNA;31;D;12
TACNA;30;D;13
TACNA;23;D;14
TACNA;02;D;15
TACNA;07;D;16
TACNA;09;D;17
TACNA;40;D;18
TACNA;41;D;19
TUMBES;01;C;1
TUMBES;14;C;2
TUMBES;25;C;3
TUMBES;22;C;4
TUMBES;39;C;5
TUMBES;35;C;6
TUMBES;12;C;7
TUMBES;26;C;8
TUMBES;34;C;9
TUMBES;06;C;10
TUMBES;31;C;11
TUMBES;40;C;12
TUMBES;41;C;13
TUMBES;35;D;1
TUMBES;06;D;2
TUMBES;22;D;3
TUMBES;01;D;4
TUMBES;39;D;5
TUMBES;34;D;6
TUMBES;12;D;7
TUMBES;14;D;8
TUMBES;26;D;9
TUMBES;31;D;10
TUMBES;40;D;11
TUMBES;41;D;12
UCAYALI;15;C;1
UCAYALI;27;C;2
UCAYALI;10;C;3
UCAYALI;23;C;4
UCAYALI;31;C;5
UCAYALI;34;C;6
UCAYALI;17;C;7
UCAYALI;39;C;8
UCAYALI;16;C;9
UCAYALI;20;C;10
UCAYALI;08;C;11
UCAYALI;28;C;12
UCAYALI;04;C;13
UCAYALI;38;C;14
UCAYALI;32;C;15
UCAYALI;06;C;16
UCAYALI;21;C;17
UCAYALI;11;C;18
UCAYALI;37;C;19
UCAYALI;24;C;20
UCAYALI;35;C;21
UCAYALI;05;C;22
UCAYALI;14;C;23
UCAYALI;40;C;24
UCAYALI;41;C;25
UCAYALI;17;D;1
UCAYALI;04;D;2
UCAYALI;20;D;3
UCAYALI;31;D;4
UCAYALI;10;D;5
UCAYALI;34;D;6
UCAYALI;27;D;7
UCAYALI;05;D;8
UCAYALI;24;D;9
UCAYALI;37;D;10
UCAYALI;35;D;11
UCAYALI;28;D;12
UCAYALI;21;D;13
UCAYALI;11;D;14
UCAYALI;23;D;15
UCAYALI;40;D;16
UCAYALI;41;D;17