ubigeo_reniec;ubigeo_inei;departamento_inei;departamento;provincia_inei;provincia;distrito
10101;10101;1;AMAZONAS;101;CHACHAPOYAS;CHACHAPOYAS
10102;10102;1;AMAZONAS;101;CHACHAPOYAS;ASUNCION
10103;10103;1;AMAZONAS;101;CHACHAPOYAS;BALSAS
10104;10104;1;AMAZONAS;101;CHACHAPOYAS;CHETO
10105;10105;1;AMAZONAS;101;CHACHAPOYAS;CHILIQUIN
10106;10106;1;AMAZONAS;101;CHACHAPOYAS;CHUQUIBAMBA
10107;10107;1;AMAZONAS;101;CHACHAPOYAS;GRANADA
10108;10108;1;AMAZONAS;101;CHACHAPOYAS;HUANCAS
10109;10109;1;AMAZONAS;101;CHACHAPOYAS;LA JALCA
10110;10110;1;AMAZONAS;101;CHACHAPOYAS;LEIMEBAMBA
10111;10111;1;AMAZONAS;101;CHACHAPOYAS;LEVANTO
10112;10112;1;AMAZONAS;101;CHACHAPOYAS;MAGDALENA
10113;10113;1;AMAZONAS;101;CHACHAPOYAS;MARISCAL CASTILLA
10114;10114;1;AMAZONAS;101;CHACHAPOYAS;MOLINOPAMPA
10115;10115;1;AMAZONAS;101;CHACHAPOYAS;MONTEVIDEO
10116;10116;1;AMAZONAS;101;CHACHAPOYAS;OLLEROS
10117;10117;1;AMAZONAS;101;CHACHAPOYAS;QUINJALCA
10118;10118;1;AMAZONAS;101;CHACHAPOYAS;SAN FRANCISCO DE DAGUAS
10119;10119;1;AMAZONAS;101;CHACHAPOYAS;SAN ISIDRO DE MAINO
10120;10120;1;AMAZONAS;101;CHACHAPOYAS;SOLOCO
10121;10121;1;AMAZONAS;101;CHACHAPOYAS;SONCHE
10205;10201;1;AMAZONAS;102;BAGUA;BAGUA
10202;10202;1;AMAZONAS;102;BAGUA;ARAMANGO
10203;10203;1;AMAZONAS;102;BAGUA;COPALLIN
10204;10204;1;AMAZONAS;102;BAGUA;EL PARCO
10206;10205;1;AMAZONAS;102;BAGUA;IMAZA
10201;10206;1;AMAZONAS;102;BAGUA;LA PECA
10301;10301;1;AMAZONAS;103;BONGARA;JUMBILLA
10304;10302;1;AMAZONAS;103;BONGARA;CHISQUILLA
10305;10303;1;AMAZONAS;103;BONGARA;CHURUJA
10302;10304;1;AMAZONAS;103;BONGARA;COROSHA
10303;10305;1;AMAZONAS;103;BONGARA;CUISPES
10306;10306;1;AMAZONAS;103;BONGARA;FLORIDA
10312;10307;1;AMAZONAS;103;BONGARA;JAZAN
10307;10308;1;AMAZONAS;103;BONGARA;RECTA
10308;10309;1;AMAZONAS;103;BONGARA;SAN CARLOS
10309;10310;1;AMAZONAS;103;BONGARA;SHIPASBAMBA
10310;10311;1;AMAZONAS;103;BONGARA;VALERA
10311;10312;1;AMAZONAS;103;BONGARA;YAMBRASBAMBA
10601;10401;1;AMAZONAS;104;CONDORCANQUI;NIEVA
10603;10402;1;AMAZONAS;104;CONDORCANQUI;EL CENEPA
10602;10403;1;AMAZONAS;104;CONDORCANQUI;RIO SANTIAGO
10401;10501;1;AMAZONAS;105;LUYA;LAMUD
10402;10502;1;AMAZONAS;105;LUYA;CAMPORREDONDO
10403;10503;1;AMAZONAS;105;LUYA;COCABAMBA
10404;10504;1;AMAZONAS;105;LUYA;COLCAMAR
10405;10505;1;AMAZONAS;105;LUYA;CONILA
10406;10506;1;AMAZONAS;105;LUYA;INGUILPATA
10407;10507;1;AMAZONAS;105;LUYA;LONGUITA
10408;10508;1;AMAZONAS;105;LUYA;LONYA CHICO
10409;10509;1;AMAZONAS;105;LUYA;LUYA
10410;10510;1;AMAZONAS;105;LUYA;LUYA VIEJO
10411;10511;1;AMAZONAS;105;LUYA;MARIA
10412;10512;1;AMAZONAS;105;LUYA;OCALLI
10413;10513;1;AMAZONAS;105;LUYA;OCUMAL
10414;10514;1;AMAZONAS;105;LUYA;PISUQUIA
10423;10515;1;AMAZONAS;105;LUYA;PROVIDENCIA
10415;10516;1;AMAZONAS;105;LUYA;SAN CRISTOBAL
10416;10517;1;AMAZONAS;105;LUYA;SAN FRANCISCO DEL YESO
10417;10518;1;AMAZONAS;105;LUYA;SAN JERONIMO
10418;10519;1;AMAZONAS;105;LUYA;SAN JUAN DE LOPECANCHA
10419;10520;1;AMAZONAS;105;LUYA;SANTA CATALINA
10420;10521;1;AMAZONAS;105;LUYA;SANTO TOMAS
10421;10522;1;AMAZONAS;105;LUYA;TINGO
10422;10523;1;AMAZONAS;105;LUYA;TRITA
10501;10601;1;AMAZONAS;106;RODRIGUEZ DE MENDOZA;SAN NICOLAS
10503;10602;1;AMAZONAS;106;RODRIGUEZ DE MENDOZA;CHIRIMOTO
10502;10603;1;AMAZONAS;106;RODRIGUEZ DE MENDOZA;COCHAMAL
10504;10604;1;AMAZONAS;106;RODRIGUEZ DE MENDOZA;HUAMBO
10505;10605;1;AMAZONAS;106;RODRIGUEZ DE MENDOZA;LIMABAMBA
10506;10606;1;AMAZONAS;106;RODRIGUEZ DE MENDOZA;LONGAR
10508;10607;1;AMAZONAS;106;RODRIGUEZ DE MENDOZA;MARISCAL BENAVIDES
10507;10608;1;AMAZONAS;106;RODRIGUEZ DE MENDOZA;MILPUC
10509;10609;1;AMAZONAS;106;RODRIGUEZ DE MENDOZA;OMIA
10510;10610;1;AMAZONAS;106;RODRIGUEZ DE MENDOZA;SANTA ROSA
10511;10611;1;AMAZONAS;106;RODRIGUEZ DE MENDOZA;TOTORA
10512;10612;1;AMAZONAS;106;RODRIGUEZ DE MENDOZA;VISTA ALEGRE
10701;10701;1;AMAZONAS;107;UTCUBAMBA;BAGUA GRANDE
10702;10702;1;AMAZONAS;107;UTCUBAMBA;CAJARURO
10703;10703;1;AMAZONAS;107;UTCUBAMBA;CUMBA
10704;10704;1;AMAZONAS;107;UTCUBAMBA;EL MILAGRO
10705;10705;1;AMAZONAS;107;UTCUBAMBA;JAMALCA
10706;10706;1;AMAZONAS;107;UTCUBAMBA;LONYA GRANDE
10707;10707;1;AMAZONAS;107;UTCUBAMBA;YAMON
20101;20101;2;ANCASH;201;HUARAZ;HUARAZ
20103;20102;2;ANCASH;201;HUARAZ;COCHABAMBA
20104;20103;2;ANCASH;201;HUARAZ;COLCABAMBA
20105;20104;2;ANCASH;201;HUARAZ;HUANCHAY
20102;20105;2;ANCASH;201;HUARAZ;INDEPENDENCIA
20106;20106;2;ANCASH;201;HUARAZ;JANGAS
20107;20107;2;ANCASH;201;HUARAZ;LA LIBERTAD
20108;20108;2;ANCASH;201;HUARAZ;OLLEROS
20109;20109;2;ANCASH;201;HUARAZ;PAMPAS
20110;20110;2;ANCASH;201;HUARAZ;PARIACOTO
20111;20111;2;ANCASH;201;HUARAZ;PIRA
20112;20112;2;ANCASH;201;HUARAZ;TARICA
20201;20201;2;ANCASH;202;AIJA;AIJA
20203;20202;2;ANCASH;202;AIJA;CORIS
20205;20203;2;ANCASH;202;AIJA;HUACLLAN
20206;20204;2;ANCASH;202;AIJA;LA MERCED
20208;20205;2;ANCASH;202;AIJA;SUCCHA
21601;20301;2;ANCASH;203;ANTONIO RAYMONDI;LLAMELLIN
21602;20302;2;ANCASH;203;ANTONIO RAYMONDI;ACZO
21603;20303;2;ANCASH;203;ANTONIO RAYMONDI;CHACCHO
21604;20304;2;ANCASH;203;ANTONIO RAYMONDI;CHINGAS
21605;20305;2;ANCASH;203;ANTONIO RAYMONDI;MIRGAS
21606;20306;2;ANCASH;203;ANTONIO RAYMONDI;SAN JUAN DE RONTOY
21801;20401;2;ANCASH;204;ASUNCION;CHACAS
21802;20402;2;ANCASH;204;ASUNCION;ACOCHACA
20301;20501;2;ANCASH;205;BOLOGNESI;CHIQUIAN
20302;20502;2;ANCASH;205;BOLOGNESI;ABELARDO PARDO LEZAMETA
20321;20503;2;ANCASH;205;BOLOGNESI;ANTONIO RAYMONDI
20304;20504;2;ANCASH;205;BOLOGNESI;AQUIA
20305;20505;2;ANCASH;205;BOLOGNESI;CAJACAY
20322;20506;2;ANCASH;205;BOLOGNESI;CANIS
20323;20507;2;ANCASH;205;BOLOGNESI;COLQUIOC
20325;20508;2;ANCASH;205;BOLOGNESI;HUALLANCA
20311;20509;2;ANCASH;205;BOLOGNESI;HUASTA
20310;20510;2;ANCASH;205;BOLOGNESI;HUAYLLACAYAN
20324;20511;2;ANCASH;205;BOLOGNESI;LA PRIMAVERA
20313;20512;2;ANCASH;205;BOLOGNESI;MANGAS
20315;20513;2;ANCASH;205;BOLOGNESI;PACLLON
20317;20514;2;ANCASH;205;BOLOGNESI;SAN MIGUEL DE CORPANQUI
20320;20515;2;ANCASH;205;BOLOGNESI;TICLLOS
20401;20601;2;ANCASH;206;CARHUAZ;CARHUAZ
20402;20602;2;ANCASH;206;CARHUAZ;ACOPAMPA
20403;20603;2;ANCASH;206;CARHUAZ;AMASHCA
20404;20604;2;ANCASH;206;CARHUAZ;ANTA
20405;20605;2;ANCASH;206;CARHUAZ;ATAQUERO
20406;20606;2;ANCASH;206;CARHUAZ;MARCARA
20407;20607;2;ANCASH;206;CARHUAZ;PARIAHUANCA
20408;20608;2;ANCASH;206;CARHUAZ;SAN MIGUEL DE ACO
20409;20609;2;ANCASH;206;CARHUAZ;SHILLA
20410;20610;2;ANCASH;206;CARHUAZ;TINCO
20411;20611;2;ANCASH;206;CARHUAZ;YUNGAR
21701;20701;2;ANCASH;207;CARLOS FERMIN FITZCARRALD;SAN LUIS
21703;20702;2;ANCASH;207;CARLOS FERMIN FITZCARRALD;SAN NICOLAS
21702;20703;2;ANCASH;207;CARLOS FERMIN FITZCARRALD;YAUYA
20501;20801;2;ANCASH;208;CASMA;CASMA
20502;20802;2;ANCASH;208;CASMA;BUENA VISTA ALTA
20503;20803;2;ANCASH;208;CASMA;COMANDANTE NOEL
20505;20804;2;ANCASH;208;CASMA;YAUTAN
20601;20901;2;ANCASH;209;CORONGO;CORONGO
20602;20902;2;ANCASH;209;CORONGO;ACO
20603;20903;2;ANCASH;209;CORONGO;BAMBAS
20604;20904;2;ANCASH;209;CORONGO;CUSCA
20605;20905;2;ANCASH;209;CORONGO;LA PAMPA
20606;20906;2;ANCASH;209;CORONGO;YANAC
20607;20907;2;ANCASH;209;CORONGO;YUPAN
20801;21001;2;ANCASH;210;HUARI;HUARI
20816;21002;2;ANCASH;210;HUARI;ANRA
20802;21003;2;ANCASH;210;HUARI;CAJAY
20803;21004;2;ANCASH;210;HUARI;CHAVIN DE HUANTAR
20804;21005;2;ANCASH;210;HUARI;HUACACHI
20806;21006;2;ANCASH;210;HUARI;HUACCHIS
20805;21007;2;ANCASH;210;HUARI;HUACHIS
20807;21008;2;ANCASH;210;HUARI;HUANTAR
20808;21009;2;ANCASH;210;HUARI;MASIN
20809;21010;2;ANCASH;210;HUARI;PAUCAS
20810;21011;2;ANCASH;210;HUARI;PONTO
20811;21012;2;ANCASH;210;HUARI;RAHUAPAMPA
20812;21013;2;ANCASH;210;HUARI;RAPAYAN
20813;21014;2;ANCASH;210;HUARI;SAN MARCOS
20814;21015;2;ANCASH;210;HUARI;SAN PEDRO DE CHANA
20815;21016;2;ANCASH;210;HUARI;UCO
21901;21101;2;ANCASH;211;HUARMEY;HUARMEY
21902;21102;2;ANCASH;211;HUARMEY;COCHAPETI
21905;21103;2;ANCASH;211;HUARMEY;CULEBRAS
21903;21104;2;ANCASH;211;HUARMEY;HUAYAN
21904;21105;2;ANCASH;211;HUARMEY;MALVAS
20701;21201;2;ANCASH;212;HUAYLAS;CARAZ
20702;21202;2;ANCASH;212;HUAYLAS;HUALLANCA
20703;21203;2;ANCASH;212;HUAYLAS;HUATA
20704;21204;2;ANCASH;212;HUAYLAS;HUAYLAS
20705;21205;2;ANCASH;212;HUAYLAS;MATO
20706;21206;2;ANCASH;212;HUAYLAS;PAMPAROMAS
20707;21207;2;ANCASH;212;HUAYLAS;PUEBLO LIBRE
20708;21208;2;ANCASH;212;HUAYLAS;SANTA CRUZ
20710;21209;2;ANCASH;212;HUAYLAS;SANTO TORIBIO
20709;21210;2;ANCASH;212;HUAYLAS;YURACMARCA
20901;21301;2;ANCASH;213;MARISCAL LUZURIAGA;PISCOBAMBA
20902;21302;2;ANCASH;213;MARISCAL LUZURIAGA;CASCA
20908;21303;2;ANCASH;213;MARISCAL LUZURIAGA;ELEAZAR GUZMAN BARRON
20904;21304;2;ANCASH;213;MARISCAL LUZURIAGA;FIDEL OLIVAS ESCUDERO
20905;21305;2;ANCASH;213;MARISCAL LUZURIAGA;LLAMA
20906;21306;2;ANCASH;213;MARISCAL LUZURIAGA;LLUMPA
20903;21307;2;ANCASH;213;MARISCAL LUZURIAGA;LUCMA
20907;21308;2;ANCASH;213;MARISCAL LUZURIAGA;MUSGA
22007;21401;2;ANCASH;214;OCROS;OCROS
22001;21402;2;ANCASH;214;OCROS;ACAS
22002;21403;2;ANCASH;214;OCROS;CAJAMARQUILLA
22003;21404;2;ANCASH;214;OCROS;CARHUAPAMPA
22004;21405;2;ANCASH;214;OCROS;COCHAS
22005;21406;2;ANCASH;214;OCROS;CONGAS
22006;21407;2;ANCASH;214;OCROS;LLIPA
22008;21408;2;ANCASH;214;OCROS;SAN CRISTOBAL DE RAJAN
22009;21409;2;ANCASH;214;OCROS;SAN PEDRO
22010;21410;2;ANCASH;214;OCROS;SANTIAGO DE CHILCAS
21001;21501;2;ANCASH;215;PALLASCA;CABANA
21002;21502;2;ANCASH;215;PALLASCA;BOLOGNESI
21003;21503;2;ANCASH;215;PALLASCA;CONCHUCOS
21004;21504;2;ANCASH;215;PALLASCA;HUACASCHUQUE
21005;21505;2;ANCASH;215;PALLASCA;HUANDOVAL
21006;21506;2;ANCASH;215;PALLASCA;LACABAMBA
21007;21507;2;ANCASH;215;PALLASCA;LLAPO
21008;21508;2;ANCASH;215;PALLASCA;PALLASCA
21009;21509;2;ANCASH;215;PALLASCA;PAMPAS
21010;21510;2;ANCASH;215;PALLASCA;SANTA ROSA
21011;21511;2;ANCASH;215;PALLASCA;TAUCA
21101;21601;2;ANCASH;216;POMABAMBA;POMABAMBA
21102;21602;2;ANCASH;216;POMABAMBA;HUAYLLAN
21103;21603;2;ANCASH;216;POMABAMBA;PAROBAMBA
21104;21604;2;ANCASH;216;POMABAMBA;QUINUABAMBA
21201;21701;2;ANCASH;217;RECUAY;RECUAY
21210;21702;2;ANCASH;217;RECUAY;CATAC
21202;21703;2;ANCASH;217;RECUAY;COTAPARACO
21203;21704;2;ANCASH;217;RECUAY;HUAYLLAPAMPA
21209;21705;2;ANCASH;217;RECUAY;LLACLLIN
21204;21706;2;ANCASH;217;RECUAY;MARCA
21205;21707;2;ANCASH;217;RECUAY;PAMPAS CHICO
21206;21708;2;ANCASH;217;RECUAY;PARARIN
21207;21709;2;ANCASH;217;RECUAY;TAPACOCHA
21208;21710;2;ANCASH;217;RECUAY;TICAPAMPA
21301;21801;2;ANCASH;218;SANTA;CHIMBOTE
21302;21802;2;ANCASH;218;SANTA;CACERES DEL PERU
21308;21803;2;ANCASH;218;SANTA;COISHCO
21303;21804;2;ANCASH;218;SANTA;MACATE
21304;21805;2;ANCASH;218;SANTA;MORO
21305;21806;2;ANCASH;218;SANTA;NEPEÑA
21306;21807;2;ANCASH;218;SANTA;SAMANCO
21307;21808;2;ANCASH;218;SANTA;SANTA
21309;21809;2;ANCASH;218;SANTA;NUEVO CHIMBOTE
21401;21901;2;ANCASH;219;SIHUAS;SIHUAS
21407;21902;2;ANCASH;219;SIHUAS;ACOBAMBA
21402;21903;2;ANCASH;219;SIHUAS;ALFONSO UGARTE
21408;21904;2;ANCASH;219;SIHUAS;CASHAPAMPA
21403;21905;2;ANCASH;219;SIHUAS;CHINGALPO
21404;21906;2;ANCASH;219;SIHUAS;HUAYLLABAMBA
21405;21907;2;ANCASH;219;SIHUAS;QUICHES
21409;21908;2;ANCASH;219;SIHUAS;RAGASH
21410;21909;2;ANCASH;219;SIHUAS;SAN JUAN
21406;21910;2;ANCASH;219;SIHUAS;SICSIBAMBA
21501;22001;2;ANCASH;220;YUNGAY;YUNGAY
21502;22002;2;ANCASH;220;YUNGAY;CASCAPARA
21503;22003;2;ANCASH;220;YUNGAY;MANCOS
21504;22004;2;ANCASH;220;YUNGAY;MATACOTO
21505;22005;2;ANCASH;220;YUNGAY;QUILLO
21506;22006;2;ANCASH;220;YUNGAY;RANRAHIRCA
21507;22007;2;ANCASH;220;YUNGAY;SHUPLUY
21508;22008;2;ANCASH;220;YUNGAY;YANAMA
30101;30101;3;APURIMAC;301;ABANCAY;ABANCAY
30104;30102;3;APURIMAC;301;ABANCAY;CHACOCHE
30102;30103;3;APURIMAC;301;ABANCAY;CIRCA
30103;30104;3;APURIMAC;301;ABANCAY;CURAHUASI
30105;30105;3;APURIMAC;301;ABANCAY;HUANIPACA
30106;30106;3;APURIMAC;301;ABANCAY;LAMBRAMA
30107;30107;3;APURIMAC;301;ABANCAY;PICHIRHUA
30108;30108;3;APURIMAC;301;ABANCAY;SAN PEDRO DE CACHORA
30109;30109;3;APURIMAC;301;ABANCAY;TAMBURCO
30301;30201;3;APURIMAC;302;ANDAHUAYLAS;ANDAHUAYLAS
30302;30202;3;APURIMAC;302;ANDAHUAYLAS;ANDARAPA
30303;30203;3;APURIMAC;302;ANDAHUAYLAS;CHIARA
30304;30204;3;APURIMAC;302;ANDAHUAYLAS;HUANCARAMA
30305;30205;3;APURIMAC;302;ANDAHUAYLAS;HUANCARAY
30317;30206;3;APURIMAC;302;ANDAHUAYLAS;HUAYANA
30306;30207;3;APURIMAC;302;ANDAHUAYLAS;KISHUARA
30307;30208;3;APURIMAC;302;ANDAHUAYLAS;PACOBAMBA
30313;30209;3;APURIMAC;302;ANDAHUAYLAS;PACUCHA
30308;30210;3;APURIMAC;302;ANDAHUAYLAS;PAMPACHIRI
30314;30211;3;APURIMAC;302;ANDAHUAYLAS;POMACOCHA
30309;30212;3;APURIMAC;302;ANDAHUAYLAS;SAN ANTONIO DE CACHI
30310;30213;3;APURIMAC;302;ANDAHUAYLAS;SAN JERONIMO
30318;30214;3;APURIMAC;302;ANDAHUAYLAS;SAN MIGUEL DE CHACCRAMPA
30315;30215;3;APURIMAC;302;ANDAHUAYLAS;SANTA MARIA DE CHICMO
30311;30216;3;APURIMAC;302;ANDAHUAYLAS;TALAVERA
30316;30217;3;APURIMAC;302;ANDAHUAYLAS;TUMAY HUARACA
30312;30218;3;APURIMAC;302;ANDAHUAYLAS;TURPO
30319;30219;3;APURIMAC;302;ANDAHUAYLAS;KAQUIABAMBA
30320;30220;3;APURIMAC;302;ANDAHUAYLAS;JOSE MARIA ARGUEDAS
30401;30301;3;APURIMAC;303;ANTABAMBA;ANTABAMBA
30402;30302;3;APURIMAC;303;ANTABAMBA;EL ORO
30403;30303;3;APURIMAC;303;ANTABAMBA;HUAQUIRCA
30404;30304;3;APURIMAC;303;ANTABAMBA;JUAN ESPINOZA MEDRANO
30405;30305;3;APURIMAC;303;ANTABAMBA;OROPESA
30406;30306;3;APURIMAC;303;ANTABAMBA;PACHACONAS
30407;30307;3;APURIMAC;303;ANTABAMBA;SABAINO
30201;30401;3;APURIMAC;304;AYMARAES;CHALHUANCA
30202;30402;3;APURIMAC;304;AYMARAES;CAPAYA
30203;30403;3;APURIMAC;304;AYMARAES;CARAYBAMBA
30206;30404;3;APURIMAC;304;AYMARAES;CHAPIMARCA
30204;30405;3;APURIMAC;304;AYMARAES;COLCABAMBA
30205;30406;3;APURIMAC;304;AYMARAES;COTARUSE
30207;30407;3;APURIMAC;304;AYMARAES;HUAYLLO
30217;30408;3;APURIMAC;304;AYMARAES;JUSTO APU SAHUARAURA
30208;30409;3;APURIMAC;304;AYMARAES;LUCRE
30209;30410;3;APURIMAC;304;AYMARAES;POCOHUANCA
30216;30411;3;APURIMAC;304;AYMARAES;SAN JUAN DE CHACÑA
30210;30412;3;APURIMAC;304;AYMARAES;SAÑAYCA
30211;30413;3;APURIMAC;304;AYMARAES;SORAYA
30212;30414;3;APURIMAC;304;AYMARAES;TAPAIRIHUA
30213;30415;3;APURIMAC;304;AYMARAES;TINTAY
30214;30416;3;APURIMAC;304;AYMARAES;TORAYA
30215;30417;3;APURIMAC;304;AYMARAES;YANACA
30501;30501;3;APURIMAC;305;COTABAMBAS;TAMBOBAMBA
30503;30502;3;APURIMAC;305;COTABAMBAS;COTABAMBAS
30502;30503;3;APURIMAC;305;COTABAMBAS;COYLLURQUI
30504;30504;3;APURIMAC;305;COTABAMBAS;HAQUIRA
30505;30505;3;APURIMAC;305;COTABAMBAS;MARA
30506;30506;3;APURIMAC;305;COTABAMBAS;CHALLHUAHUACHO
30701;30601;3;APURIMAC;306;CHINCHEROS;CHINCHEROS
30705;30602;3;APURIMAC;306;CHINCHEROS;ANCO-HUALLO
30704;30603;3;APURIMAC;306;CHINCHEROS;COCHARCAS
30706;30604;3;APURIMAC;306;CHINCHEROS;HUACCANA
30703;30605;3;APURIMAC;306;CHINCHEROS;OCOBAMBA
30702;30606;3;APURIMAC;306;CHINCHEROS;ONGOY
30707;30607;3;APURIMAC;306;CHINCHEROS;URANMARCA
30708;30608;3;APURIMAC;306;CHINCHEROS;RANRACANCHA
30709;30609;3;APURIMAC;306;CHINCHEROS;ROCCHACC
30710;30610;3;APURIMAC;306;CHINCHEROS;EL PORVENIR
30711;30611;3;APURIMAC;306;CHINCHEROS;LOS CHANKAS
30601;30701;3;APURIMAC;307;GRAU;CHUQUIBAMBILLA
30602;30702;3;APURIMAC;307;GRAU;CURPAHUASI
30605;30703;3;APURIMAC;307;GRAU;GAMARRA
30603;30704;3;APURIMAC;307;GRAU;HUAYLLATI
30604;30705;3;APURIMAC;307;GRAU;MAMARA
30606;30706;3;APURIMAC;307;GRAU;MICAELA BASTIDAS
30608;30707;3;APURIMAC;307;GRAU;PATAYPAMPA
30607;30708;3;APURIMAC;307;GRAU;PROGRESO
30609;30709;3;APURIMAC;307;GRAU;SAN ANTONIO
30613;30710;3;APURIMAC;307;GRAU;SANTA ROSA
30610;30711;3;APURIMAC;307;GRAU;TURPAY
30611;30712;3;APURIMAC;307;GRAU;VILCABAMBA
30612;30713;3;APURIMAC;307;GRAU;VIRUNDO
30614;30714;3;APURIMAC;307;GRAU;CURASCO
40101;40101;4;AREQUIPA;401;AREQUIPA;AREQUIPA
40128;40102;4;AREQUIPA;401;AREQUIPA;ALTO SELVA ALEGRE
40102;40103;4;AREQUIPA;401;AREQUIPA;CAYMA
40103;40104;4;AREQUIPA;401;AREQUIPA;CERRO COLORADO
40104;40105;4;AREQUIPA;401;AREQUIPA;CHARACATO
40105;40106;4;AREQUIPA;401;AREQUIPA;CHIGUATA
40127;40107;4;AREQUIPA;401;AREQUIPA;JACOBO HUNTER
40106;40108;4;AREQUIPA;401;AREQUIPA;LA JOYA
40126;40109;4;AREQUIPA;401;AREQUIPA;MARIANO MELGAR
40107;40110;4;AREQUIPA;401;AREQUIPA;MIRAFLORES
40108;40111;4;AREQUIPA;401;AREQUIPA;MOLLEBAYA
40109;40112;4;AREQUIPA;401;AREQUIPA;PAUCARPATA
40110;40113;4;AREQUIPA;401;AREQUIPA;POCSI
40111;40114;4;AREQUIPA;401;AREQUIPA;POLOBAYA
40112;40115;4;AREQUIPA;401;AREQUIPA;QUEQUEÑA
40113;40116;4;AREQUIPA;401;AREQUIPA;SABANDIA
40114;40117;4;AREQUIPA;401;AREQUIPA;SACHACA
40115;40118;4;AREQUIPA;401;AREQUIPA;SAN JUAN DE SIGUAS
40116;40119;4;AREQUIPA;401;AREQUIPA;SAN JUAN DE TARUCANI
40117;40120;4;AREQUIPA;401;AREQUIPA;SANTA ISABEL DE SIGUAS
40118;40121;4;AREQUIPA;401;AREQUIPA;SANTA RITA DE SIGUAS
40119;40122;4;AREQUIPA;401;AREQUIPA;SOCABAYA
40120;40123;4;AREQUIPA;401;AREQUIPA;TIABAYA
40121;40124;4;AREQUIPA;401;AREQUIPA;UCHUMAYO
40122;40125;4;AREQUIPA;401;AREQUIPA;VITOR
40123;40126;4;AREQUIPA;401;AREQUIPA;YANAHUARA
40124;40127;4;AREQUIPA;401;AREQUIPA;YARABAMBA
40125;40128;4;AREQUIPA;401;AREQUIPA;YURA
40129;40129;4;AREQUIPA;401;AREQUIPA;JOSE LUIS BUSTAMANTE Y RIVERO
40301;40201;4;AREQUIPA;402;CAMANA;CAMANA
40302;40202;4;AREQUIPA;402;CAMANA;JOSE MARIA QUIMPER
40303;40203;4;AREQUIPA;402;CAMANA;MARIANO NICOLAS VALCARCEL
40304;40204;4;AREQUIPA;402;CAMANA;MARISCAL CACERES
40305;40205;4;AREQUIPA;402;CAMANA;NICOLAS DE PIEROLA
40306;40206;4;AREQUIPA;402;CAMANA;OCOÑA
40307;40207;4;AREQUIPA;402;CAMANA;QUILCA
40308;40208;4;AREQUIPA;402;CAMANA;SAMUEL PASTOR
40401;40301;4;AREQUIPA;403;CARAVELI;CARAVELI
40402;40302;4;AREQUIPA;403;CARAVELI;ACARI
40403;40303;4;AREQUIPA;403;CARAVELI;ATICO
40404;40304;4;AREQUIPA;403;CARAVELI;ATIQUIPA
40405;40305;4;AREQUIPA;403;CARAVELI;BELLA UNION
40406;40306;4;AREQUIPA;403;CARAVELI;CAHUACHO
40407;40307;4;AREQUIPA;403;CARAVELI;CHALA
40408;40308;4;AREQUIPA;403;CARAVELI;CHAPARRA
40409;40309;4;AREQUIPA;403;CARAVELI;HUANUHUANU
40410;40310;4;AREQUIPA;403;CARAVELI;JAQUI
40411;40311;4;AREQUIPA;403;CARAVELI;LOMAS
40412;40312;4;AREQUIPA;403;CARAVELI;QUICACHA
40413;40313;4;AREQUIPA;403;CARAVELI;YAUCA
40501;40401;4;AREQUIPA;404;CASTILLA;APLAO
40502;40402;4;AREQUIPA;404;CASTILLA;ANDAGUA
40503;40403;4;AREQUIPA;404;CASTILLA;AYO
40504;40404;4;AREQUIPA;404;CASTILLA;CHACHAS
40505;40405;4;AREQUIPA;404;CASTILLA;CHILCAYMARCA
40506;40406;4;AREQUIPA;404;CASTILLA;CHOCO
40507;40407;4;AREQUIPA;404;CASTILLA;HUANCARQUI
40508;40408;4;AREQUIPA;404;CASTILLA;MACHAGUAY
40509;40409;4;AREQUIPA;404;CASTILLA;ORCOPAMPA
40510;40410;4;AREQUIPA;404;CASTILLA;PAMPACOLCA
40511;40411;4;AREQUIPA;404;CASTILLA;TIPAN
40513;40412;4;AREQUIPA;404;CASTILLA;UÑON
40512;40413;4;AREQUIPA;404;CASTILLA;URACA
40514;40414;4;AREQUIPA;404;CASTILLA;VIRACO
40201;40501;4;AREQUIPA;405;CAYLLOMA;CHIVAY
40202;40502;4;AREQUIPA;405;CAYLLOMA;ACHOMA
40203;40503;4;AREQUIPA;405;CAYLLOMA;CABANACONDE
40205;40504;4;AREQUIPA;405;CAYLLOMA;CALLALLI
40204;40505;4;AREQUIPA;405;CAYLLOMA;CAYLLOMA
40206;40506;4;AREQUIPA;405;CAYLLOMA;COPORAQUE
40207;40507;4;AREQUIPA;405;CAYLLOMA;HUAMBO
40208;40508;4;AREQUIPA;405;CAYLLOMA;HUANCA
40209;40509;4;AREQUIPA;405;CAYLLOMA;ICHUPAMPA
40210;40510;4;AREQUIPA;405;CAYLLOMA;LARI
40211;40511;4;AREQUIPA;405;CAYLLOMA;LLUTA
40212;40512;4;AREQUIPA;405;CAYLLOMA;MACA
40213;40513;4;AREQUIPA;405;CAYLLOMA;MADRIGAL
40214;40514;4;AREQUIPA;405;CAYLLOMA;SAN ANTONIO DE CHUCA
40215;40515;4;AREQUIPA;405;CAYLLOMA;SIBAYO
40216;40516;4;AREQUIPA;405;CAYLLOMA;TAPAY
40217;40517;4;AREQUIPA;405;CAYLLOMA;TISCO
40218;40518;4;AREQUIPA;405;CAYLLOMA;TUTI
40219;40519;4;AREQUIPA;405;CAYLLOMA;YANQUE
40220;40520;4;AREQUIPA;405;CAYLLOMA;MAJES
40601;40601;4;AREQUIPA;406;CONDESUYOS;CHUQUIBAMBA
40602;40602;4;AREQUIPA;406;CONDESUYOS;ANDARAY
40603;40603;4;AREQUIPA;406;CONDESUYOS;CAYARANI
40604;40604;4;AREQUIPA;406;CONDESUYOS;CHICHAS
40605;40605;4;AREQUIPA;406;CONDESUYOS;IRAY
40608;40606;4;AREQUIPA;406;CONDESUYOS;RIO GRANDE
40606;40607;4;AREQUIPA;406;CONDESUYOS;SALAMANCA
40607;40608;4;AREQUIPA;406;CONDESUYOS;YANAQUIHUA
40701;40701;4;AREQUIPA;407;ISLAY;MOLLENDO
40702;40702;4;AREQUIPA;407;ISLAY;COCACHACRA
40703;40703;4;AREQUIPA;407;ISLAY;DEAN VALDIVIA
40704;40704;4;AREQUIPA;407;ISLAY;ISLAY
40705;40705;4;AREQUIPA;407;ISLAY;MEJIA
40706;40706;4;AREQUIPA;407;ISLAY;PUNTA DE BOMBON
40801;40801;4;AREQUIPA;408;LA UNION;COTAHUASI
40802;40802;4;AREQUIPA;408;LA UNION;ALCA
40803;40803;4;AREQUIPA;408;LA UNION;CHARCANA
40804;40804;4;AREQUIPA;408;LA UNION;HUAYNACOTAS
40805;40805;4;AREQUIPA;408;LA UNION;PAMPAMARCA
40806;40806;4;AREQUIPA;408;LA UNION;PUYCA
40807;40807;4;AREQUIPA;408;LA UNION;QUECHUALLA
40808;40808;4;AREQUIPA;408;LA UNION;SAYLA
40809;40809;4;AREQUIPA;408;LA UNION;TAURIA
40810;40810;4;AREQUIPA;408;LA UNION;TOMEPAMPA
40811;40811;4;AREQUIPA;408;LA UNION;TORO
50101;50101;5;AYACUCHO;501;HUAMANGA;AYACUCHO
50111;50102;5;AYACUCHO;501;HUAMANGA;ACOCRO
50102;50103;5;AYACUCHO;501;HUAMANGA;ACOS VINCHOS
50103;50104;5;AYACUCHO;501;HUAMANGA;CARMEN ALTO
50104;50105;5;AYACUCHO;501;HUAMANGA;CHIARA
50113;50106;5;AYACUCHO;501;HUAMANGA;OCROS
50114;50107;5;AYACUCHO;501;HUAMANGA;PACAYCASA
50105;50108;5;AYACUCHO;501;HUAMANGA;QUINUA
50106;50109;5;AYACUCHO;501;HUAMANGA;SAN JOSE DE TICLLAS
50107;50110;5;AYACUCHO;501;HUAMANGA;SAN JUAN BAUTISTA
50108;50111;5;AYACUCHO;501;HUAMANGA;SANTIAGO DE PISCHA
50112;50112;5;AYACUCHO;501;HUAMANGA;SOCOS
50110;50113;5;AYACUCHO;501;HUAMANGA;TAMBILLO
50109;50114;5;AYACUCHO;501;HUAMANGA;VINCHOS
50115;50115;5;AYACUCHO;501;HUAMANGA;JESUS NAZARENO
50116;50116;5;AYACUCHO;501;HUAMANGA;ANDRES AVELINO CACERES DORREGARAY
50201;50201;5;AYACUCHO;502;CANGALLO;CANGALLO
50204;50202;5;AYACUCHO;502;CANGALLO;CHUSCHI
50206;50203;5;AYACUCHO;502;CANGALLO;LOS MOROCHUCOS
50211;50204;5;AYACUCHO;502;CANGALLO;MARIA PARADO DE BELLIDO
50207;50205;5;AYACUCHO;502;CANGALLO;PARAS
50208;50206;5;AYACUCHO;502;CANGALLO;TOTOS
50801;50301;5;AYACUCHO;503;HUANCA SANCOS;SANCOS
50804;50302;5;AYACUCHO;503;HUANCA SANCOS;CARAPO
50802;50303;5;AYACUCHO;503;HUANCA SANCOS;SACSAMARCA
50803;50304;5;AYACUCHO;503;HUANCA SANCOS;SANTIAGO DE LUCANAMARCA
50301;50401;5;AYACUCHO;504;HUANTA;HUANTA
50302;50402;5;AYACUCHO;504;HUANTA;AYAHUANCO
50303;50403;5;AYACUCHO;504;HUANTA;HUAMANGUILLA
50304;50404;5;AYACUCHO;504;HUANTA;IGUAIN
50305;50405;5;AYACUCHO;504;HUANTA;LURICOCHA
50307;50406;5;AYACUCHO;504;HUANTA;SANTILLANA
50308;50407;5;AYACUCHO;504;HUANTA;SIVIA
50309;50408;5;AYACUCHO;504;HUANTA;LLOCHEGUA
50310;50409;5;AYACUCHO;504;HUANTA;CANAYRE
50311;50410;5;AYACUCHO;504;HUANTA;UCHURACCAY
50312;50411;5;AYACUCHO;504;HUANTA;PUCACOLPA
50313;50412;5;AYACUCHO;504;HUANTA;CHACA
50401;50501;5;AYACUCHO;505;LA MAR;SAN MIGUEL
50402;50502;5;AYACUCHO;505;LA MAR;ANCO
50403;50503;5;AYACUCHO;505;LA MAR;AYNA
50404;50504;5;AYACUCHO;505;LA MAR;CHILCAS
50405;50505;5;AYACUCHO;505;LA MAR;CHUNGUI
50407;50506;5;AYACUCHO;505;LA MAR;LUIS CARRANZA
50408;50507;5;AYACUCHO;505;LA MAR;SANTA ROSA
50406;50508;5;AYACUCHO;505;LA MAR;TAMBO
50409;50509;5;AYACUCHO;505;LA MAR;SAMUGARI
50410;50510;5;AYACUCHO;505;LA MAR;ANCHIHUAY
50411;50511;5;AYACUCHO;505;LA MAR;ORONCCOY
50501;50601;5;AYACUCHO;506;LUCANAS;PUQUIO
50502;50602;5;AYACUCHO;506;LUCANAS;AUCARA
50503;50603;5;AYACUCHO;506;LUCANAS;CABANA
50504;50604;5;AYACUCHO;506;LUCANAS;CARMEN SALCEDO
50506;50605;5;AYACUCHO;506;LUCANAS;CHAVIÑA
50508;50606;5;AYACUCHO;506;LUCANAS;CHIPAO
50510;50607;5;AYACUCHO;506;LUCANAS;HUAC-HUAS
50511;50608;5;AYACUCHO;506;LUCANAS;LARAMATE
50512;50609;5;AYACUCHO;506;LUCANAS;LEONCIO PRADO
50514;50610;5;AYACUCHO;506;LUCANAS;LLAUTA
50513;50611;5;AYACUCHO;506;LUCANAS;LUCANAS
50516;50612;5;AYACUCHO;506;LUCANAS;OCAÑA
50517;50613;5;AYACUCHO;506;LUCANAS;OTOCA
50529;50614;5;AYACUCHO;506;LUCANAS;SAISA
50532;50615;5;AYACUCHO;506;LUCANAS;SAN CRISTOBAL
50521;50616;5;AYACUCHO;506;LUCANAS;SAN JUAN
50522;50617;5;AYACUCHO;506;LUCANAS;SAN PEDRO
50531;50618;5;AYACUCHO;506;LUCANAS;SAN PEDRO DE PALCO
50520;50619;5;AYACUCHO;506;LUCANAS;SANCOS
50524;50620;5;AYACUCHO;506;LUCANAS;SANTA ANA DE HUAYCAHUACHO
50525;50621;5;AYACUCHO;506;LUCANAS;SANTA LUCIA
50601;50701;5;AYACUCHO;507;PARINACOCHAS;CORACORA
50605;50702;5;AYACUCHO;507;PARINACOCHAS;CHUMPI
50604;50703;5;AYACUCHO;507;PARINACOCHAS;CORONEL CASTAÑEDA
50608;50704;5;AYACUCHO;507;PARINACOCHAS;PACAPAUSA
50611;50705;5;AYACUCHO;507;PARINACOCHAS;PULLO
50612;50706;5;AYACUCHO;507;PARINACOCHAS;PUYUSCA
50615;50707;5;AYACUCHO;507;PARINACOCHAS;SAN FRANCISCO DE RAVACAYCO
50616;50708;5;AYACUCHO;507;PARINACOCHAS;UPAHUACHO
51001;50801;5;AYACUCHO;508;PAUCAR DEL SARA SARA;PAUSA
51002;50802;5;AYACUCHO;508;PAUCAR DEL SARA SARA;COLTA
51003;50803;5;AYACUCHO;508;PAUCAR DEL SARA SARA;CORCULLA
51004;50804;5;AYACUCHO;508;PAUCAR DEL SARA SARA;LAMPA
51005;50805;5;AYACUCHO;508;PAUCAR DEL SARA SARA;MARCABAMBA
51006;50806;5;AYACUCHO;508;PAUCAR DEL SARA SARA;OYOLO
51007;50807;5;AYACUCHO;508;PAUCAR DEL SARA SARA;PARARCA
51008;50808;5;AYACUCHO;508;PAUCAR DEL SARA SARA;SAN JAVIER DE ALPABAMBA
51009;50809;5;AYACUCHO;508;PAUCAR DEL SARA SARA;SAN JOSE DE USHUA
51010;50810;5;AYACUCHO;508;PAUCAR DEL SARA SARA;SARA SARA
51101;50901;5;AYACUCHO;509;SUCRE;QUEROBAMBA
51102;50902;5;AYACUCHO;509;SUCRE;BELEN
51103;50903;5;AYACUCHO;509;SUCRE;CHALCOS
51110;50904;5;AYACUCHO;509;SUCRE;CHILCAYOC
51109;50905;5;AYACUCHO;509;SUCRE;HUACAÑA
51111;50906;5;AYACUCHO;509;SUCRE;MORCOLLA
51105;50907;5;AYACUCHO;509;SUCRE;PAICO
51107;50908;5;AYACUCHO;509;SUCRE;SAN PEDRO DE LARCAY
51104;50909;5;AYACUCHO;509;SUCRE;SAN SALVADOR DE QUIJE
51106;50910;5;AYACUCHO;509;SUCRE;SANTIAGO DE PAUCARAY
51108;50911;5;AYACUCHO;509;SUCRE;SORAS
50701;51001;5;AYACUCHO;510;VICTOR FAJARDO;HUANCAPI
50702;51002;5;AYACUCHO;510;VICTOR FAJARDO;ALCAMENCA
50703;51003;5;AYACUCHO;510;VICTOR FAJARDO;APONGO
50715;51004;5;AYACUCHO;510;VICTOR FAJARDO;ASQUIPATA
50704;51005;5;AYACUCHO;510;VICTOR FAJARDO;CANARIA
50706;51006;5;AYACUCHO;510;VICTOR FAJARDO;CAYARA
50707;51007;5;AYACUCHO;510;VICTOR FAJARDO;COLCA
50709;51008;5;AYACUCHO;510;VICTOR FAJARDO;HUAMANQUIQUIA
50710;51009;5;AYACUCHO;510;VICTOR FAJARDO;HUANCARAYLLA
50708;51010;5;AYACUCHO;510;VICTOR FAJARDO;HUAYA
50713;51011;5;AYACUCHO;510;VICTOR FAJARDO;SARHUA
50714;51012;5;AYACUCHO;510;VICTOR FAJARDO;VILCANCHOS
50901;51101;5;AYACUCHO;511;VILCAS HUAMAN;VILCAS HUAMAN
50903;51102;5;AYACUCHO;511;VILCAS HUAMAN;ACCOMARCA
50904;51103;5;AYACUCHO;511;VILCAS HUAMAN;CARHUANCA
50905;51104;5;AYACUCHO;511;VILCAS HUAMAN;CONCEPCION
50906;51105;5;AYACUCHO;511;VILCAS HUAMAN;HUAMBALPA
50908;51106;5;AYACUCHO;511;VILCAS HUAMAN;INDEPENDENCIA
50907;51107;5;AYACUCHO;511;VILCAS HUAMAN;SAURAMA
50902;51108;5;AYACUCHO;511;VILCAS HUAMAN;VISCHONGO
60101;60101;6;CAJAMARCA;601;CAJAMARCA;CAJAMARCA
60102;60102;6;CAJAMARCA;601;CAJAMARCA;ASUNCION
60104;60103;6;CAJAMARCA;601;CAJAMARCA;CHETILLA
60103;60104;6;CAJAMARCA;601;CAJAMARCA;COSPAN
60105;60105;6;CAJAMARCA;601;CAJAMARCA;ENCAÑADA
60106;60106;6;CAJAMARCA;601;CAJAMARCA;JESUS
60108;60107;6;CAJAMARCA;601;CAJAMARCA;LLACANORA
60107;60108;6;CAJAMARCA;601;CAJAMARCA;LOS BAÑOS DEL INCA
60109;60109;6;CAJAMARCA;601;CAJAMARCA;MAGDALENA
60110;60110;6;CAJAMARCA;601;CAJAMARCA;MATARA
60111;60111;6;CAJAMARCA;601;CAJAMARCA;NAMORA
60112;60112;6;CAJAMARCA;601;CAJAMARCA;SAN JUAN
60201;60201;6;CAJAMARCA;602;CAJABAMBA;CAJABAMBA
60202;60202;6;CAJAMARCA;602;CAJABAMBA;CACHACHI
60203;60203;6;CAJAMARCA;602;CAJABAMBA;CONDEBAMBA
60205;60204;6;CAJAMARCA;602;CAJABAMBA;SITACOCHA
60301;60301;6;CAJAMARCA;603;CELENDIN;CELENDIN
60303;60302;6;CAJAMARCA;603;CELENDIN;CHUMUCH
60302;60303;6;CAJAMARCA;603;CELENDIN;CORTEGANA
60304;60304;6;CAJAMARCA;603;CELENDIN;HUASMIN
60305;60305;6;CAJAMARCA;603;CELENDIN;JORGE CHAVEZ
60306;60306;6;CAJAMARCA;603;CELENDIN;JOSE GALVEZ
60307;60307;6;CAJAMARCA;603;CELENDIN;MIGUEL IGLESIAS
60308;60308;6;CAJAMARCA;603;CELENDIN;OXAMARCA
60309;60309;6;CAJAMARCA;603;CELENDIN;SOROCHUCO
60310;60310;6;CAJAMARCA;603;CELENDIN;SUCRE
60311;60311;6;CAJAMARCA;603;CELENDIN;UTCO
60312;60312;6;CAJAMARCA;603;CELENDIN;LA LIBERTAD DE PALLAN
60601;60401;6;CAJAMARCA;604;CHOTA;CHOTA
60602;60402;6;CAJAMARCA;604;CHOTA;ANGUIA
60605;60403;6;CAJAMARCA;604;CHOTA;CHADIN
60606;60404;6;CAJAMARCA;604;CHOTA;CHIGUIRIP
60607;60405;6;CAJAMARCA;604;CHOTA;CHIMBAN
60618;60406;6;CAJAMARCA;604;CHOTA;CHOROPAMPA
60603;60407;6;CAJAMARCA;604;CHOTA;COCHABAMBA
60604;60408;6;CAJAMARCA;604;CHOTA;CONCHAN
60608;60409;6;CAJAMARCA;604;CHOTA;HUAMBOS
60609;60410;6;CAJAMARCA;604;CHOTA;LAJAS
60610;60411;6;CAJAMARCA;604;CHOTA;LLAMA
60611;60412;6;CAJAMARCA;604;CHOTA;MIRACOSTA
60612;60413;6;CAJAMARCA;604;CHOTA;PACCHA
60613;60414;6;CAJAMARCA;604;CHOTA;PION
60614;60415;6;CAJAMARCA;604;CHOTA;QUEROCOTO
60617;60416;6;CAJAMARCA;604;CHOTA;SAN JUAN DE LICUPIS
60615;60417;6;CAJAMARCA;604;CHOTA;TACABAMBA
60616;60418;6;CAJAMARCA;604;CHOTA;TOCMOCHE
60619;60419;6;CAJAMARCA;604;CHOTA;CHALAMARCA
60401;60501;6;CAJAMARCA;605;CONTUMAZA;CONTUMAZA
60403;60502;6;CAJAMARCA;605;CONTUMAZA;CHILETE
60406;60503;6;CAJAMARCA;605;CONTUMAZA;CUPISNIQUE
60404;60504;6;CAJAMARCA;605;CONTUMAZA;GUZMANGO
60405;60505;6;CAJAMARCA;605;CONTUMAZA;SAN BENITO
60409;60506;6;CAJAMARCA;605;CONTUMAZA;SANTA CRUZ DE TOLEDO
60407;60507;6;CAJAMARCA;605;CONTUMAZA;TANTARICA
60408;60508;6;CAJAMARCA;605;CONTUMAZA;YONAN
60501;60601;6;CAJAMARCA;606;CUTERVO;CUTERVO
60502;60602;6;CAJAMARCA;606;CUTERVO;CALLAYUC
60504;60603;6;CAJAMARCA;606;CUTERVO;CHOROS
60503;60604;6;CAJAMARCA;606;CUTERVO;CUJILLO
60505;60605;6;CAJAMARCA;606;CUTERVO;LA RAMADA
60506;60606;6;CAJAMARCA;606;CUTERVO;PIMPINGOS
60507;60607;6;CAJAMARCA;606;CUTERVO;QUEROCOTILLO
60508;60608;6;CAJAMARCA;606;CUTERVO;SAN ANDRES DE CUTERVO
60509;60609;6;CAJAMARCA;606;CUTERVO;SAN JUAN DE CUTERVO
60510;60610;6;CAJAMARCA;606;CUTERVO;SAN LUIS DE LUCMA
60511;60611;6;CAJAMARCA;606;CUTERVO;SANTA CRUZ
60512;60612;6;CAJAMARCA;606;CUTERVO;SANTO DOMINGO DE LA CAPILLA
60513;60613;6;CAJAMARCA;606;CUTERVO;SANTO TOMAS
60514;60614;6;CAJAMARCA;606;CUTERVO;SOCOTA
60515;60615;6;CAJAMARCA;606;CUTERVO;TORIBIO CASANOVA
60701;60701;6;CAJAMARCA;607;HUALGAYOC;BAMBAMARCA
60702;60702;6;CAJAMARCA;607;HUALGAYOC;CHUGUR
60703;60703;6;CAJAMARCA;607;HUALGAYOC;HUALGAYOC
60801;60801;6;CAJAMARCA;608;JAEN;JAEN
60802;60802;6;CAJAMARCA;608;JAEN;BELLAVISTA
60804;60803;6;CAJAMARCA;608;JAEN;CHONTALI
60803;60804;6;CAJAMARCA;608;JAEN;COLASAY
60812;60805;6;CAJAMARCA;608;JAEN;HUABAL
60811;60806;6;CAJAMARCA;608;JAEN;LAS PIRIAS
60805;60807;6;CAJAMARCA;608;JAEN;POMAHUACA
60806;60808;6;CAJAMARCA;608;JAEN;PUCARA
60807;60809;6;CAJAMARCA;608;JAEN;SALLIQUE
60808;60810;6;CAJAMARCA;608;JAEN;SAN FELIPE
60809;60811;6;CAJAMARCA;608;JAEN;SAN JOSE DEL ALTO
60810;60812;6;CAJAMARCA;608;JAEN;SANTA ROSA
61101;60901;6;CAJAMARCA;609;SAN IGNACIO;SAN IGNACIO
61102;60902;6;CAJAMARCA;609;SAN IGNACIO;CHIRINOS
61103;60903;6;CAJAMARCA;609;SAN IGNACIO;HUARANGO
61105;60904;6;CAJAMARCA;609;SAN IGNACIO;LA COIPA
61104;60905;6;CAJAMARCA;609;SAN IGNACIO;NAMBALLE
61106;60906;6;CAJAMARCA;609;SAN IGNACIO;SAN JOSE DE LOURDES
61107;60907;6;CAJAMARCA;609;SAN IGNACIO;TABACONAS
61201;61001;6;CAJAMARCA;610;SAN MARCOS;PEDRO GALVEZ
61207;61002;6;CAJAMARCA;610;SAN MARCOS;CHANCAY
61205;61003;6;CAJAMARCA;610;SAN MARCOS;EDUARDO VILLANUEVA
61203;61004;6;CAJAMARCA;610;SAN MARCOS;GREGORIO PITA
61202;61005;6;CAJAMARCA;610;SAN MARCOS;ICHOCAN
61204;61006;6;CAJAMARCA;610;SAN MARCOS;JOSE MANUEL QUIROZ
61206;61007;6;CAJAMARCA;610;SAN MARCOS;JOSE SABOGAL
61001;61101;6;CAJAMARCA;611;SAN MIGUEL;SAN MIGUEL
61013;61102;6;CAJAMARCA;611;SAN MIGUEL;BOLIVAR
61002;61103;6;CAJAMARCA;611;SAN MIGUEL;CALQUIS
61012;61104;6;CAJAMARCA;611;SAN MIGUEL;CATILLUC
61009;61105;6;CAJAMARCA;611;SAN MIGUEL;EL PRADO
61003;61106;6;CAJAMARCA;611;SAN MIGUEL;LA FLORIDA
61004;61107;6;CAJAMARCA;611;SAN MIGUEL;LLAPA
61005;61108;6;CAJAMARCA;611;SAN MIGUEL;NANCHOC
61006;61109;6;CAJAMARCA;611;SAN MIGUEL;NIEPOS
61007;61110;6;CAJAMARCA;611;SAN MIGUEL;SAN GREGORIO
61008;61111;6;CAJAMARCA;611;SAN MIGUEL;SAN SILVESTRE DE COCHAN
61011;61112;6;CAJAMARCA;611;SAN MIGUEL;TONGOD
61010;61113;6;CAJAMARCA;611;SAN MIGUEL;UNION AGUA BLANCA
61301;61201;6;CAJAMARCA;612;SAN PABLO;SAN PABLO
61302;61202;6;CAJAMARCA;612;SAN PABLO;SAN BERNARDINO
61303;61203;6;CAJAMARCA;612;SAN PABLO;SAN LUIS
61304;61204;6;CAJAMARCA;612;SAN PABLO;TUMBADEN
60901;61301;6;CAJAMARCA;613;SANTA CRUZ;SANTA CRUZ
60910;61302;6;CAJAMARCA;613;SANTA CRUZ;ANDABAMBA
60902;61303;6;CAJAMARCA;613;SANTA CRUZ;CATACHE
60903;61304;6;CAJAMARCA;613;SANTA CRUZ;CHANCAYBAÑOS
60904;61305;6;CAJAMARCA;613;SANTA CRUZ;LA ESPERANZA
60905;61306;6;CAJAMARCA;613;SANTA CRUZ;NINABAMBA
60906;61307;6;CAJAMARCA;613;SANTA CRUZ;PULAN
60911;61308;6;CAJAMARCA;613;SANTA CRUZ;SAUCEPAMPA
60907;61309;6;CAJAMARCA;613;SANTA CRUZ;SEXI
60908;61310;6;CAJAMARCA;613;SANTA CRUZ;UTICYACU
60909;61311;6;CAJAMARCA;613;SANTA CRUZ;YAUYUCAN
240101;70101;7;CALLAO;701;CALLAO;CALLAO
240102;70102;7;CALLAO;701;CALLAO;BELLAVISTA
240104;70103;7;CALLAO;701;CALLAO;CARMEN DE LA LEGUA REYNOSO
240105;70104;7;CALLAO;701;CALLAO;LA PERLA
240103;70105;7;CALLAO;701;CALLAO;LA PUNTA
240106;70106;7;CALLAO;701;CALLAO;VENTANILLA
240107;70107;7;CALLAO;701;CALLAO;MI PERU
70101;80101;8;CUSCO;801;CUSCO;CUSCO
70102;80102;8;CUSCO;801;CUSCO;CCORCA
70103;80103;8;CUSCO;801;CUSCO;POROY
70104;80104;8;CUSCO;801;CUSCO;SAN JERONIMO
70105;80105;8;CUSCO;801;CUSCO;SAN SEBASTIAN
70106;80106;8;CUSCO;801;CUSCO;SANTIAGO
70107;80107;8;CUSCO;801;CUSCO;SAYLLA
70108;80108;8;CUSCO;801;CUSCO;WANCHAQ
70201;80201;8;CUSCO;802;ACOMAYO;ACOMAYO
70202;80202;8;CUSCO;802;ACOMAYO;ACOPIA
70203;80203;8;CUSCO;802;ACOMAYO;ACOS
70207;80204;8;CUSCO;802;ACOMAYO;MOSOC LLACTA
70204;80205;8;CUSCO;802;ACOMAYO;POMACANCHI
70205;80206;8;CUSCO;802;ACOMAYO;RONDOCAN
70206;80207;8;CUSCO;802;ACOMAYO;SANGARARA
70301;80301;8;CUSCO;803;ANTA;ANTA
70309;80302;8;CUSCO;803;ANTA;ANCAHUASI
70308;80303;8;CUSCO;803;ANTA;CACHIMAYO
70302;80304;8;CUSCO;803;ANTA;CHINCHAYPUJIO
70303;80305;8;CUSCO;803;ANTA;HUAROCONDO
70304;80306;8;CUSCO;803;ANTA;LIMATAMBO
70305;80307;8;CUSCO;803;ANTA;MOLLEPATA
70306;80308;8;CUSCO;803;ANTA;PUCYURA
70307;80309;8;CUSCO;803;ANTA;ZURITE
70401;80401;8;CUSCO;804;CALCA;CALCA
70402;80402;8;CUSCO;804;CALCA;COYA
70403;80403;8;CUSCO;804;CALCA;LAMAY
70404;80404;8;CUSCO;804;CALCA;LARES
70405;80405;8;CUSCO;804;CALCA;PISAC
70406;80406;8;CUSCO;804;CALCA;SAN SALVADOR
70407;80407;8;CUSCO;804;CALCA;TARAY
70408;80408;8;CUSCO;804;CALCA;YANATILE
70501;80501;8;CUSCO;805;CANAS;YANAOCA
70502;80502;8;CUSCO;805;CANAS;CHECCA
70503;80503;8;CUSCO;805;CANAS;KUNTURKANKI
70504;80504;8;CUSCO;805;CANAS;LANGUI
70505;80505;8;CUSCO;805;CANAS;LAYO
70506;80506;8;CUSCO;805;CANAS;PAMPAMARCA
70507;80507;8;CUSCO;805;CANAS;QUEHUE
70508;80508;8;CUSCO;805;CANAS;TUPAC AMARU
70601;80601;8;CUSCO;806;CANCHIS;SICUANI
70603;80602;8;CUSCO;806;CANCHIS;CHECACUPE
70602;80603;8;CUSCO;806;CANCHIS;COMBAPATA
70604;80604;8;CUSCO;806;CANCHIS;MARANGANI
70605;80605;8;CUSCO;806;CANCHIS;PITUMARCA
70606;80606;8;CUSCO;806;CANCHIS;SAN PABLO
70607;80607;8;CUSCO;806;CANCHIS;SAN PEDRO
70608;80608;8;CUSCO;806;CANCHIS;TINTA
70701;80701;8;CUSCO;807;CHUMBIVILCAS;SANTO TOMAS
70702;80702;8;CUSCO;807;CHUMBIVILCAS;CAPACMARCA
70704;80703;8;CUSCO;807;CHUMBIVILCAS;CHAMACA
70703;80704;8;CUSCO;807;CHUMBIVILCAS;COLQUEMARCA
70705;80705;8;CUSCO;807;CHUMBIVILCAS;LIVITACA
70706;80706;8;CUSCO;807;CHUMBIVILCAS;LLUSCO
70707;80707;8;CUSCO;807;CHUMBIVILCAS;QUIÑOTA
70708;80708;8;CUSCO;807;CHUMBIVILCAS;VELILLE
70801;80801;8;CUSCO;808;ESPINAR;ESPINAR
70802;80802;8;CUSCO;808;ESPINAR;CONDOROMA
70803;80803;8;CUSCO;808;ESPINAR;COPORAQUE
70804;80804;8;CUSCO;808;ESPINAR;OCORURO
70805;80805;8;CUSCO;808;ESPINAR;PALLPATA
70806;80806;8;CUSCO;808;ESPINAR;PICHIGUA
70807;80807;8;CUSCO;808;ESPINAR;SUYCKUTAMBO
70808;80808;8;CUSCO;808;ESPINAR;ALTO PICHIGUA
70901;80901;8;CUSCO;809;LA CONVENCION;SANTA ANA
70902;80902;8;CUSCO;809;LA CONVENCION;ECHARATE
70903;80903;8;CUSCO;809;LA CONVENCION;HUAYOPATA
70904;80904;8;CUSCO;809;LA CONVENCION;MARANURA
70905;80905;8;CUSCO;809;LA CONVENCION;OCOBAMBA
70908;80906;8;CUSCO;809;LA CONVENCION;QUELLOUNO
70909;80907;8;CUSCO;809;LA CONVENCION;QUIMBIRI
70906;80908;8;CUSCO;809;LA CONVENCION;SANTA TERESA
70907;80909;8;CUSCO;809;LA CONVENCION;VILCABAMBA
70910;80910;8;CUSCO;809;LA CONVENCION;PICHARI
70911;80911;8;CUSCO;809;LA CONVENCION;INKAWASI
70912;80912;8;CUSCO;809;LA CONVENCION;VILLA VIRGEN
70913;80913;8;CUSCO;809;LA CONVENCION;VILLA KINTIARINA
70915;80914;8;CUSCO;809;LA CONVENCION;MEGANTONI
71001;81001;8;CUSCO;810;PARURO;PARURO
71002;81002;8;CUSCO;810;PARURO;ACCHA
71003;81003;8;CUSCO;810;PARURO;CCAPI
71004;81004;8;CUSCO;810;PARURO;COLCHA
71005;81005;8;CUSCO;810;PARURO;HUANOQUITE
71006;81006;8;CUSCO;810;PARURO;OMACHA
71008;81007;8;CUSCO;810;PARURO;PACCARITAMBO
71009;81008;8;CUSCO;810;PARURO;PILLPINTO
71007;81009;8;CUSCO;810;PARURO;YAURISQUE
71101;81101;8;CUSCO;811;PAUCARTAMBO;PAUCARTAMBO
71102;81102;8;CUSCO;811;PAUCARTAMBO;CAICAY
71104;81103;8;CUSCO;811;PAUCARTAMBO;CHALLABAMBA
71103;81104;8;CUSCO;811;PAUCARTAMBO;COLQUEPATA
71106;81105;8;CUSCO;811;PAUCARTAMBO;HUANCARANI
71105;81106;8;CUSCO;811;PAUCARTAMBO;KOSÑIPATA
71201;81201;8;CUSCO;812;QUISPICANCHI;URCOS
71202;81202;8;CUSCO;812;QUISPICANCHI;ANDAHUAYLILLAS
71203;81203;8;CUSCO;812;QUISPICANCHI;CAMANTI
71204;81204;8;CUSCO;812;QUISPICANCHI;CCARHUAYO
71205;81205;8;CUSCO;812;QUISPICANCHI;CCATCA
71206;81206;8;CUSCO;812;QUISPICANCHI;CUSIPATA
71207;81207;8;CUSCO;812;QUISPICANCHI;HUARO
71208;81208;8;CUSCO;812;QUISPICANCHI;LUCRE
71209;81209;8;CUSCO;812;QUISPICANCHI;MARCAPATA
71210;81210;8;CUSCO;812;QUISPICANCHI;OCONGATE
71211;81211;8;CUSCO;812;QUISPICANCHI;OROPESA
71212;81212;8;CUSCO;812;QUISPICANCHI;QUIQUIJANA
71301;81301;8;CUSCO;813;URUBAMBA;URUBAMBA
71302;81302;8;CUSCO;813;URUBAMBA;CHINCHERO
71303;81303;8;CUSCO;813;URUBAMBA;HUAYLLABAMBA
71304;81304;8;CUSCO;813;URUBAMBA;MACHUPICCHU
71305;81305;8;CUSCO;813;URUBAMBA;MARAS
71306;81306;8;CUSCO;813;URUBAMBA;OLLANTAYTAMBO
71307;81307;8;CUSCO;813;URUBAMBA;YUCAY
80101;90101;9;HUANCAVELICA;901;HUANCAVELICA;HUANCAVELICA
80102;90102;9;HUANCAVELICA;901;HUANCAVELICA;ACOBAMBILLA
80103;90103;9;HUANCAVELICA;901;HUANCAVELICA;ACORIA
80104;90104;9;HUANCAVELICA;901;HUANCAVELICA;CONAYCA
80105;90105;9;HUANCAVELICA;901;HUANCAVELICA;CUENCA
80106;90106;9;HUANCAVELICA;901;HUANCAVELICA;HUACHOCOLPA
80108;90107;9;HUANCAVELICA;901;HUANCAVELICA;HUAYLLAHUARA
80109;90108;9;HUANCAVELICA;901;HUANCAVELICA;IZCUCHACA
80110;90109;9;HUANCAVELICA;901;HUANCAVELICA;LARIA
80111;90110;9;HUANCAVELICA;901;HUANCAVELICA;MANTA
80112;90111;9;HUANCAVELICA;901;HUANCAVELICA;MARISCAL CACERES
80113;90112;9;HUANCAVELICA;901;HUANCAVELICA;MOYA
80114;90113;9;HUANCAVELICA;901;HUANCAVELICA;NUEVO OCCORO
80115;90114;9;HUANCAVELICA;901;HUANCAVELICA;PALCA
80116;90115;9;HUANCAVELICA;901;HUANCAVELICA;PILCHACA
80117;90116;9;HUANCAVELICA;901;HUANCAVELICA;VILCA
80118;90117;9;HUANCAVELICA;901;HUANCAVELICA;YAULI
80119;90118;9;HUANCAVELICA;901;HUANCAVELICA;ASCENSION
80120;90119;9;HUANCAVELICA;901;HUANCAVELICA;HUANDO
80201;90201;9;HUANCAVELICA;902;ACOBAMBA;ACOBAMBA
80203;90202;9;HUANCAVELICA;902;ACOBAMBA;ANDABAMBA
80202;90203;9;HUANCAVELICA;902;ACOBAMBA;ANTA
80204;90204;9;HUANCAVELICA;902;ACOBAMBA;CAJA
80205;90205;9;HUANCAVELICA;902;ACOBAMBA;MARCAS
80206;90206;9;HUANCAVELICA;902;ACOBAMBA;PAUCARA
80207;90207;9;HUANCAVELICA;902;ACOBAMBA;POMACOCHA
80208;90208;9;HUANCAVELICA;902;ACOBAMBA;ROSARIO
80301;90301;9;HUANCAVELICA;903;ANGARAES;LIRCAY
80302;90302;9;HUANCAVELICA;903;ANGARAES;ANCHONGA
80303;90303;9;HUANCAVELICA;903;ANGARAES;CALLANMARCA
80312;90304;9;HUANCAVELICA;903;ANGARAES;CCOCHACCASA
80305;90305;9;HUANCAVELICA;903;ANGARAES;CHINCHO
80304;90306;9;HUANCAVELICA;903;ANGARAES;CONGALLA
80307;90307;9;HUANCAVELICA;903;ANGARAES;HUANCA-HUANCA
80306;90308;9;HUANCAVELICA;903;ANGARAES;HUAYLLAY GRANDE
80308;90309;9;HUANCAVELICA;903;ANGARAES;JULCAMARCA
80309;90310;9;HUANCAVELICA;903;ANGARAES;SAN ANTONIO DE ANTAPARCO
80310;90311;9;HUANCAVELICA;903;ANGARAES;SANTO TOMAS DE PATA
80311;90312;9;HUANCAVELICA;903;ANGARAES;SECCLLA
80401;90401;9;HUANCAVELICA;904;CASTROVIRREYNA;CASTROVIRREYNA
80402;90402;9;HUANCAVELICA;904;CASTROVIRREYNA;ARMA
80403;90403;9;HUANCAVELICA;904;CASTROVIRREYNA;AURAHUA
80405;90404;9;HUANCAVELICA;904;CASTROVIRREYNA;CAPILLAS
80408;90405;9;HUANCAVELICA;904;CASTROVIRREYNA;CHUPAMARCA
80406;90406;9;HUANCAVELICA;904;CASTROVIRREYNA;COCAS
80409;90407;9;HUANCAVELICA;904;CASTROVIRREYNA;HUACHOS
80410;90408;9;HUANCAVELICA;904;CASTROVIRREYNA;HUAMATAMBO
80414;90409;9;HUANCAVELICA;904;CASTROVIRREYNA;MOLLEPAMPA
80422;90410;9;HUANCAVELICA;904;CASTROVIRREYNA;SAN JUAN
80429;90411;9;HUANCAVELICA;904;CASTROVIRREYNA;SANTA ANA
80427;90412;9;HUANCAVELICA;904;CASTROVIRREYNA;TANTARA
80428;90413;9;HUANCAVELICA;904;CASTROVIRREYNA;TICRAPO
80701;90501;9;HUANCAVELICA;905;CHURCAMPA;CHURCAMPA
80702;90502;9;HUANCAVELICA;905;CHURCAMPA;ANCO
80703;90503;9;HUANCAVELICA;905;CHURCAMPA;CHINCHIHUASI
80704;90504;9;HUANCAVELICA;905;CHURCAMPA;EL CARMEN
80705;90505;9;HUANCAVELICA;905;CHURCAMPA;LA MERCED
80706;90506;9;HUANCAVELICA;905;CHURCAMPA;LOCROJA
80707;90507;9;HUANCAVELICA;905;CHURCAMPA;PAUCARBAMBA
80708;90508;9;HUANCAVELICA;905;CHURCAMPA;SAN MIGUEL DE MAYOCC
80709;90509;9;HUANCAVELICA;905;CHURCAMPA;SAN PEDRO DE CORIS
80710;90510;9;HUANCAVELICA;905;CHURCAMPA;PACHAMARCA
80711;90511;9;HUANCAVELICA;905;CHURCAMPA;COSME
80604;90601;9;HUANCAVELICA;906;HUAYTARA;HUAYTARA
80601;90602;9;HUANCAVELICA;906;HUAYTARA;AYAVI
80602;90603;9;HUANCAVELICA;906;HUAYTARA;CORDOVA
80603;90604;9;HUANCAVELICA;906;HUAYTARA;HUAYACUNDO ARMA
80605;90605;9;HUANCAVELICA;906;HUAYTARA;LARAMARCA
80606;90606;9;HUANCAVELICA;906;HUAYTARA;OCOYO
80607;90607;9;HUANCAVELICA;906;HUAYTARA;PILPICHACA
80608;90608;9;HUANCAVELICA;906;HUAYTARA;QUERCO
80609;90609;9;HUANCAVELICA;906;HUAYTARA;QUITO-ARMA
80610;90610;9;HUANCAVELICA;906;HUAYTARA;SAN ANTONIO DE CUSICANCHA
80611;90611;9;HUANCAVELICA;906;HUAYTARA;SAN FRANCISCO DE SANGAYAICO
80612;90612;9;HUANCAVELICA;906;HUAYTARA;SAN ISIDRO
80613;90613;9;HUANCAVELICA;906;HUAYTARA;SANTIAGO DE CHOCORVOS
80614;90614;9;HUANCAVELICA;906;HUAYTARA;SANTIAGO DE QUIRAHUARA
80615;90615;9;HUANCAVELICA;906;HUAYTARA;SANTO DOMINGO DE CAPILLAS
80616;90616;9;HUANCAVELICA;906;HUAYTARA;TAMBO
80501;90701;9;HUANCAVELICA;907;TAYACAJA;PAMPAS
80502;90702;9;HUANCAVELICA;907;TAYACAJA;ACOSTAMBO
80503;90703;9;HUANCAVELICA;907;TAYACAJA;ACRAQUIA
80504;90704;9;HUANCAVELICA;907;TAYACAJA;AHUAYCHA
80506;90705;9;HUANCAVELICA;907;TAYACAJA;COLCABAMBA
80509;90706;9;HUANCAVELICA;907;TAYACAJA;DANIEL HERNANDEZ
80511;90707;9;HUANCAVELICA;907;TAYACAJA;HUACHOCOLPA
80512;90709;9;HUANCAVELICA;907;TAYACAJA;HUARIBAMBA
80515;90710;9;HUANCAVELICA;907;TAYACAJA;ÑAHUIMPUQUIO
80517;90711;9;HUANCAVELICA;907;TAYACAJA;PAZOS
80518;90713;9;HUANCAVELICA;907;TAYACAJA;QUISHUAR
80519;90714;9;HUANCAVELICA;907;TAYACAJA;SALCABAMBA
80526;90715;9;HUANCAVELICA;907;TAYACAJA;SALCAHUASI
80520;90716;9;HUANCAVELICA;907;TAYACAJA;SAN MARCOS DE ROCCHAC
80523;90717;9;HUANCAVELICA;907;TAYACAJA;SURCUBAMBA
80525;90718;9;HUANCAVELICA;907;TAYACAJA;TINTAY PUNCU
80528;90719;9;HUANCAVELICA;907;TAYACAJA;QUICHUAS
80529;90720;9;HUANCAVELICA;907;TAYACAJA;ANDAYMARCA
80530;90721;9;HUANCAVELICA;907;TAYACAJA;ROBLE
80531;90722;9;HUANCAVELICA;907;TAYACAJA;PICHOS
80532;90723;9;HUANCAVELICA;907;TAYACAJA;SANTIAGO DE TUCUMA
90101;100101;10;HUANUCO;1001;HUANUCO;HUANUCO
90110;100102;10;HUANUCO;1001;HUANUCO;AMARILIS
90102;100103;10;HUANUCO;1001;HUANUCO;CHINCHAO
90103;100104;10;HUANUCO;1001;HUANUCO;CHURUBAMBA
90104;100105;10;HUANUCO;1001;HUANUCO;MARGOS
90105;100106;10;HUANUCO;1001;HUANUCO;QUISQUI
90106;100107;10;HUANUCO;1001;HUANUCO;SAN FRANCISCO DE CAYRAN
90107;100108;10;HUANUCO;1001;HUANUCO;SAN PEDRO DE CHAULAN
90108;100109;10;HUANUCO;1001;HUANUCO;SANTA MARIA DEL VALLE
90109;100110;10;HUANUCO;1001;HUANUCO;YARUMAYO
90111;100111;10;HUANUCO;1001;HUANUCO;PILLCO MARCA
90112;100112;10;HUANUCO;1001;HUANUCO;YACUS
90113;100113;10;HUANUCO;1001;HUANUCO;SAN PABLO DE PILLAO
90201;100201;10;HUANUCO;1002;AMBO;AMBO
90202;100202;10;HUANUCO;1002;AMBO;CAYNA
90203;100203;10;HUANUCO;1002;AMBO;COLPAS
90204;100204;10;HUANUCO;1002;AMBO;CONCHAMARCA
90205;100205;10;HUANUCO;1002;AMBO;HUACAR
90206;100206;10;HUANUCO;1002;AMBO;SAN FRANCISCO
90207;100207;10;HUANUCO;1002;AMBO;SAN RAFAEL
90208;100208;10;HUANUCO;1002;AMBO;TOMAY KICHWA
90301;100301;10;HUANUCO;1003;DOS DE MAYO;LA UNION
90307;100307;10;HUANUCO;1003;DOS DE MAYO;CHUQUIS
90312;100311;10;HUANUCO;1003;DOS DE MAYO;MARIAS
90314;100313;10;HUANUCO;1003;DOS DE MAYO;PACHAS
90316;100316;10;HUANUCO;1003;DOS DE MAYO;QUIVILLA
90317;100317;10;HUANUCO;1003;DOS DE MAYO;RIPAN
90321;100321;10;HUANUCO;1003;DOS DE MAYO;SHUNQUI
90322;100322;10;HUANUCO;1003;DOS DE MAYO;SILLAPATA
90323;100323;10;HUANUCO;1003;DOS DE MAYO;YANAS
90901;100401;10;HUANUCO;1004;HUACAYBAMBA;HUACAYBAMBA
90903;100402;10;HUANUCO;1004;HUACAYBAMBA;CANCHABAMBA
90904;100403;10;HUANUCO;1004;HUACAYBAMBA;COCHABAMBA
90902;100404;10;HUANUCO;1004;HUACAYBAMBA;PINRA
90401;100501;10;HUANUCO;1005;HUAMALIES;LLATA
90402;100502;10;HUANUCO;1005;HUAMALIES;ARANCAY
90403;100503;10;HUANUCO;1005;HUAMALIES;CHAVIN DE PARIARCA
90404;100504;10;HUANUCO;1005;HUAMALIES;JACAS GRANDE
90405;100505;10;HUANUCO;1005;HUAMALIES;JIRCAN
90406;100506;10;HUANUCO;1005;HUAMALIES;MIRAFLORES
90407;100507;10;HUANUCO;1005;HUAMALIES;MONZON
90408;100508;10;HUANUCO;1005;HUAMALIES;PUNCHAO
90409;100509;10;HUANUCO;1005;HUAMALIES;PUÑOS
90410;100510;10;HUANUCO;1005;HUAMALIES;SINGA
90411;100511;10;HUANUCO;1005;HUAMALIES;TANTAMAYO
90601;100601;10;HUANUCO;1006;LEONCIO PRADO;RUPA-RUPA
90602;100602;10;HUANUCO;1006;LEONCIO PRADO;DANIEL ALOMIAS ROBLES
90603;100603;10;HUANUCO;1006;LEONCIO PRADO;HERMILIO VALDIZAN
90606;100604;10;HUANUCO;1006;LEONCIO PRADO;JOSE CRESPO Y CASTILLO
90604;100605;10;HUANUCO;1006;LEONCIO PRADO;LUYANDO
90605;100606;10;HUANUCO;1006;LEONCIO PRADO;MARIANO DAMASO BERAUN
90607;100607;10;HUANUCO;1006;LEONCIO PRADO;PUCAYACU
90608;100608;10;HUANUCO;1006;LEONCIO PRADO;CASTILLO GRANDE
90609;100609;10;HUANUCO;1006;LEONCIO PRADO;PUEBLO NUEVO
90610;100610;10;HUANUCO;1006;LEONCIO PRADO;SANTO DOMINGO DE ANDA
90501;100701;10;HUANUCO;1007;MARAÑON;HUACRACHUCO
90502;100702;10;HUANUCO;1007;MARAÑON;CHOLON
90505;100703;10;HUANUCO;1007;MARAÑON;SAN BUENAVENTURA
90506;100704;10;HUANUCO;1007;MARAÑON;LA MORADA
90507;100705;10;HUANUCO;1007;MARAÑON;SANTA ROSA DE ALTO YANAJANCA
90701;100801;10;HUANUCO;1008;PACHITEA;PANAO
90702;100802;10;HUANUCO;1008;PACHITEA;CHAGLLA
90704;100803;10;HUANUCO;1008;PACHITEA;MOLINO
90706;100804;10;HUANUCO;1008;PACHITEA;UMARI
90802;100901;10;HUANUCO;1009;PUERTO INCA;PUERTO INCA
90803;100902;10;HUANUCO;1009;PUERTO INCA;CODO DEL POZUZO
90801;100903;10;HUANUCO;1009;PUERTO INCA;HONORIA
90804;100904;10;HUANUCO;1009;PUERTO INCA;TOURNAVISTA
90805;100905;10;HUANUCO;1009;PUERTO INCA;YUYAPICHIS
91001;101001;10;HUANUCO;1010;LAURICOCHA;JESUS
91002;101002;10;HUANUCO;1010;LAURICOCHA;BAÑOS
91007;101003;10;HUANUCO;1010;LAURICOCHA;JIVIA
91004;101004;10;HUANUCO;1010;LAURICOCHA;QUEROPALCA
91006;101005;10;HUANUCO;1010;LAURICOCHA;RONDOS
91003;101006;10;HUANUCO;1010;LAURICOCHA;SAN FRANCISCO DE ASIS
91005;101007;10;HUANUCO;1010;LAURICOCHA;SAN MIGUEL DE CAURI
91101;101101;10;HUANUCO;1011;YAROWILCA;CHAVINILLO
91103;101102;10;HUANUCO;1011;YAROWILCA;CAHUAC
91104;101103;10;HUANUCO;1011;YAROWILCA;CHACABAMBA
91102;101104;10;HUANUCO;1011;YAROWILCA;APARICIO POMARES
91105;101105;10;HUANUCO;1011;YAROWILCA;JACAS CHICO
91106;101106;10;HUANUCO;1011;YAROWILCA;OBAS
91107;101107;10;HUANUCO;1011;YAROWILCA;PAMPAMARCA
91108;101108;10;HUANUCO;1011;YAROWILCA;CHORAS
100101;110101;11;ICA;1101;ICA;ICA
100102;110102;11;ICA;1101;ICA;LA TINGUIÑA
100103;110103;11;ICA;1101;ICA;LOS AQUIJES
100114;110104;11;ICA;1101;ICA;OCUCAJE
100113;110105;11;ICA;1101;ICA;PACHACUTEC
100104;110106;11;ICA;1101;ICA;PARCONA
100105;110107;11;ICA;1101;ICA;PUEBLO NUEVO
100106;110108;11;ICA;1101;ICA;SALAS
100107;110109;11;ICA;1101;ICA;SAN JOSE DE LOS MOLINOS
100108;110110;11;ICA;1101;ICA;SAN JUAN BAUTISTA
100109;110111;11;ICA;1101;ICA;SANTIAGO
100110;110112;11;ICA;1101;ICA;SUBTANJALLA
100112;110113;11;ICA;1101;ICA;TATE
100111;110114;11;ICA;1101;ICA;YAUCA DEL ROSARIO
100201;110201;11;ICA;1102;CHINCHA;CHINCHA ALTA
100209;110202;11;ICA;1102;CHINCHA;ALTO LARAN
100202;110203;11;ICA;1102;CHINCHA;CHAVIN
100203;110204;11;ICA;1102;CHINCHA;CHINCHA BAJA
100204;110205;11;ICA;1102;CHINCHA;EL CARMEN
100205;110206;11;ICA;1102;CHINCHA;GROCIO PRADO
100210;110207;11;ICA;1102;CHINCHA;PUEBLO NUEVO
100211;110208;11;ICA;1102;CHINCHA;SAN JUAN DE YANAC
100206;110209;11;ICA;1102;CHINCHA;SAN PEDRO DE HUACARPANA
100207;110210;11;ICA;1102;CHINCHA;SUNAMPE
100208;110211;11;ICA;1102;CHINCHA;TAMBO DE MORA
100301;110301;11;ICA;1103;NAZCA;NAZCA
100302;110302;11;ICA;1103;NAZCA;CHANGUILLO
100303;110303;11;ICA;1103;NAZCA;EL INGENIO
100304;110304;11;ICA;1103;NAZCA;MARCONA
100305;110305;11;ICA;1103;NAZCA;VISTA ALEGRE
100501;110401;11;ICA;1104;PALPA;PALPA
100502;110402;11;ICA;1104;PALPA;LLIPATA
100503;110403;11;ICA;1104;PALPA;RIO GRANDE
100504;110404;11;ICA;1104;PALPA;SANTA CRUZ
100505;110405;11;ICA;1104;PALPA;TIBILLO
100401;110501;11;ICA;1105;PISCO;PISCO
100402;110502;11;ICA;1105;PISCO;HUANCANO
100403;110503;11;ICA;1105;PISCO;HUMAY
100404;110504;11;ICA;1105;PISCO;INDEPENDENCIA
100405;110505;11;ICA;1105;PISCO;PARACAS
100406;110506;11;ICA;1105;PISCO;SAN ANDRES
100407;110507;11;ICA;1105;PISCO;SAN CLEMENTE
100408;110508;11;ICA;1105;PISCO;TUPAC AMARU INCA
110101;120101;12;JUNIN;1201;HUANCAYO;HUANCAYO
110103;120104;12;JUNIN;1201;HUANCAYO;CARHUACALLANGA
110106;120105;12;JUNIN;1201;HUANCAYO;CHACAPAMPA
110107;120106;12;JUNIN;1201;HUANCAYO;CHICCHE
110108;120107;12;JUNIN;1201;HUANCAYO;CHILCA
110109;120108;12;JUNIN;1201;HUANCAYO;CHONGOS ALTO
110112;120111;12;JUNIN;1201;HUANCAYO;CHUPURO
110104;120112;12;JUNIN;1201;HUANCAYO;COLCA
110105;120113;12;JUNIN;1201;HUANCAYO;CULLHUAS
110113;120114;12;JUNIN;1201;HUANCAYO;EL TAMBO
110114;120116;12;JUNIN;1201;HUANCAYO;HUACRAPUQUIO
110116;120117;12;JUNIN;1201;HUANCAYO;HUALHUAS
110118;120119;12;JUNIN;1201;HUANCAYO;HUANCAN
110119;120120;12;JUNIN;1201;HUANCAYO;HUASICANCHA
110120;120121;12;JUNIN;1201;HUANCAYO;HUAYUCACHI
110121;120122;12;JUNIN;1201;HUANCAYO;INGENIO
110122;120124;12;JUNIN;1201;HUANCAYO;PARIAHUANCA
110123;120125;12;JUNIN;1201;HUANCAYO;PILCOMAYO
110124;120126;12;JUNIN;1201;HUANCAYO;PUCARA
110125;120127;12;JUNIN;1201;HUANCAYO;QUICHUAY
110126;120128;12;JUNIN;1201;HUANCAYO;QUILCAS
110127;120129;12;JUNIN;1201;HUANCAYO;SAN AGUSTIN
110128;120130;12;JUNIN;1201;HUANCAYO;SAN JERONIMO DE TUNAN
110132;120132;12;JUNIN;1201;HUANCAYO;SAÑO
110133;120133;12;JUNIN;1201;HUANCAYO;SAPALLANGA
110134;120134;12;JUNIN;1201;HUANCAYO;SICAYA
110131;120135;12;JUNIN;1201;HUANCAYO;SANTO DOMINGO DE ACOBAMBA
110136;120136;12;JUNIN;1201;HUANCAYO;VIQUES
110201;120201;12;JUNIN;1202;CONCEPCION;CONCEPCION
110202;120202;12;JUNIN;1202;CONCEPCION;ACO
110203;120203;12;JUNIN;1202;CONCEPCION;ANDAMARCA
110206;120204;12;JUNIN;1202;CONCEPCION;CHAMBARA
110205;120205;12;JUNIN;1202;CONCEPCION;COCHAS
110204;120206;12;JUNIN;1202;CONCEPCION;COMAS
110207;120207;12;JUNIN;1202;CONCEPCION;HEROINAS TOLEDO
110208;120208;12;JUNIN;1202;CONCEPCION;MANZANARES
110209;120209;12;JUNIN;1202;CONCEPCION;MARISCAL CASTILLA
110210;120210;12;JUNIN;1202;CONCEPCION;MATAHUASI
110211;120211;12;JUNIN;1202;CONCEPCION;MITO
110212;120212;12;JUNIN;1202;CONCEPCION;NUEVE DE JULIO
110213;120213;12;JUNIN;1202;CONCEPCION;ORCOTUNA
110215;120214;12;JUNIN;1202;CONCEPCION;SAN JOSE DE QUERO
110214;120215;12;JUNIN;1202;CONCEPCION;SANTA ROSA DE OCOPA
110801;120301;12;JUNIN;1203;CHANCHAMAYO;CHANCHAMAYO
110806;120302;12;JUNIN;1203;CHANCHAMAYO;PERENE
110805;120303;12;JUNIN;1203;CHANCHAMAYO;PICHANAQUI
110804;120304;12;JUNIN;1203;CHANCHAMAYO;SAN LUIS DE SHUARO
110802;120305;12;JUNIN;1203;CHANCHAMAYO;SAN RAMON
110803;120306;12;JUNIN;1203;CHANCHAMAYO;VITOC
110301;120401;12;JUNIN;1204;JAUJA;JAUJA
110302;120402;12;JUNIN;1204;JAUJA;ACOLLA
110303;120403;12;JUNIN;1204;JAUJA;APATA
110304;120404;12;JUNIN;1204;JAUJA;ATAURA
110305;120405;12;JUNIN;1204;JAUJA;CANCHAYLLO
110331;120406;12;JUNIN;1204;JAUJA;CURICACA
110306;120407;12;JUNIN;1204;JAUJA;EL MANTARO
110307;120408;12;JUNIN;1204;JAUJA;HUAMALI
110308;120409;12;JUNIN;1204;JAUJA;HUARIPAMPA
110309;120410;12;JUNIN;1204;JAUJA;HUERTAS
110310;120411;12;JUNIN;1204;JAUJA;JANJAILLO
110311;120412;12;JUNIN;1204;JAUJA;JULCAN
110312;120413;12;JUNIN;1204;JAUJA;LEONOR ORDOÑEZ
110313;120414;12;JUNIN;1204;JAUJA;LLOCLLAPAMPA
110314;120415;12;JUNIN;1204;JAUJA;MARCO
110315;120416;12;JUNIN;1204;JAUJA;MASMA
110332;120417;12;JUNIN;1204;JAUJA;MASMA CHICCHE
110316;120418;12;JUNIN;1204;JAUJA;MOLINOS
110317;120419;12;JUNIN;1204;JAUJA;MONOBAMBA
110318;120420;12;JUNIN;1204;JAUJA;MUQUI
110319;120421;12;JUNIN;1204;JAUJA;MUQUIYAUYO
110320;120422;12;JUNIN;1204;JAUJA;PACA
110321;120423;12;JUNIN;1204;JAUJA;PACCHA
110322;120424;12;JUNIN;1204;JAUJA;PANCAN
110323;120425;12;JUNIN;1204;JAUJA;PARCO
110324;120426;12;JUNIN;1204;JAUJA;POMACANCHA
110325;120427;12;JUNIN;1204;JAUJA;RICRAN
110326;120428;12;JUNIN;1204;JAUJA;SAN LORENZO
110327;120429;12;JUNIN;1204;JAUJA;SAN PEDRO DE CHUNAN
110333;120430;12;JUNIN;1204;JAUJA;SAUSA
110328;120431;12;JUNIN;1204;JAUJA;SINCOS
110329;120432;12;JUNIN;1204;JAUJA;TUNAN MARCA
110330;120433;12;JUNIN;1204;JAUJA;YAULI
110334;120434;12;JUNIN;1204;JAUJA;YAUYOS
110401;120501;12;JUNIN;1205;JUNIN;JUNIN
110402;120502;12;JUNIN;1205;JUNIN;CARHUAMAYO
110403;120503;12;JUNIN;1205;JUNIN;ONDORES
110404;120504;12;JUNIN;1205;JUNIN;ULCUMAYO
110701;120601;12;JUNIN;1206;SATIPO;SATIPO
110702;120602;12;JUNIN;1206;SATIPO;COVIRIALI
110703;120603;12;JUNIN;1206;SATIPO;LLAYLLA
110704;120604;12;JUNIN;1206;SATIPO;MAZAMARI
110705;120605;12;JUNIN;1206;SATIPO;PAMPA HERMOSA
110706;120606;12;JUNIN;1206;SATIPO;PANGOA
110707;120607;12;JUNIN;1206;SATIPO;RIO NEGRO
110708;120608;12;JUNIN;1206;SATIPO;RIO TAMBO
110709;120609;12;JUNIN;1206;SATIPO;VIZCATAN DEL ENE
110501;120701;12;JUNIN;1207;TARMA;TARMA
110502;120702;12;JUNIN;1207;TARMA;ACOBAMBA
110503;120703;12;JUNIN;1207;TARMA;HUARICOLCA
110504;120704;12;JUNIN;1207;TARMA;HUASAHUASI
110505;120705;12;JUNIN;1207;TARMA;LA UNION
110506;120706;12;JUNIN;1207;TARMA;PALCA
110507;120707;12;JUNIN;1207;TARMA;PALCAMAYO
110508;120708;12;JUNIN;1207;TARMA;SAN PEDRO DE CAJAS
110509;120709;12;JUNIN;1207;TARMA;TAPO
110601;120801;12;JUNIN;1208;YAULI;LA OROYA
110602;120802;12;JUNIN;1208;YAULI;CHACAPALPA
110603;120803;12;JUNIN;1208;YAULI;HUAY-HUAY
110604;120804;12;JUNIN;1208;YAULI;MARCAPOMACOCHA
110605;120805;12;JUNIN;1208;YAULI;MOROCOCHA
110606;120806;12;JUNIN;1208;YAULI;PACCHA
110607;120807;12;JUNIN;1208;YAULI;SANTA BARBARA DE CARHUACAYAN
110610;120808;12;JUNIN;1208;YAULI;SANTA ROSA DE SACCO
110608;120809;12;JUNIN;1208;YAULI;SUITUCANCHA
110609;120810;12;JUNIN;1208;YAULI;YAULI
110901;120901;12;JUNIN;1209;CHUPACA;CHUPACA
110902;120902;12;JUNIN;1209;CHUPACA;AHUAC
110903;120903;12;JUNIN;1209;CHUPACA;CHONGOS BAJO
110904;120904;12;JUNIN;1209;CHUPACA;HUACHAC
110905;120905;12;JUNIN;1209;CHUPACA;HUAMANCACA CHICO
110906;120906;12;JUNIN;1209;CHUPACA;SAN JUAN DE YSCOS
110907;120907;12;JUNIN;1209;CHUPACA;SAN JUAN DE JARPA
110908;120908;12;JUNIN;1209;CHUPACA;TRES DE DICIEMBRE
110909;120909;12;JUNIN;1209;CHUPACA;YANACANCHA
120101;130101;13;LA LIBERTAD;1301;TRUJILLO;TRUJILLO
120110;130102;13;LA LIBERTAD;1301;TRUJILLO;EL PORVENIR
120112;130103;13;LA LIBERTAD;1301;TRUJILLO;FLORENCIA DE MORA
120102;130104;13;LA LIBERTAD;1301;TRUJILLO;HUANCHACO
120111;130105;13;LA LIBERTAD;1301;TRUJILLO;LA ESPERANZA
120103;130106;13;LA LIBERTAD;1301;TRUJILLO;LAREDO
120104;130107;13;LA LIBERTAD;1301;TRUJILLO;MOCHE
120109;130108;13;LA LIBERTAD;1301;TRUJILLO;POROTO
120105;130109;13;LA LIBERTAD;1301;TRUJILLO;SALAVERRY
120106;130110;13;LA LIBERTAD;1301;TRUJILLO;SIMBAL
120107;130111;13;LA LIBERTAD;1301;TRUJILLO;VICTOR LARCO HERRERA
120801;130201;13;LA LIBERTAD;1302;ASCOPE;ASCOPE
120802;130202;13;LA LIBERTAD;1302;ASCOPE;CHICAMA
120803;130203;13;LA LIBERTAD;1302;ASCOPE;CHOCOPE
120805;130204;13;LA LIBERTAD;1302;ASCOPE;MAGDALENA DE CAO
120806;130205;13;LA LIBERTAD;1302;ASCOPE;PAIJAN
120807;130206;13;LA LIBERTAD;1302;ASCOPE;RAZURI
120804;130207;13;LA LIBERTAD;1302;ASCOPE;SANTIAGO DE CAO
120808;130208;13;LA LIBERTAD;1302;ASCOPE;CASA GRANDE
120201;130301;13;LA LIBERTAD;1303;BOLIVAR;BOLIVAR
120202;130302;13;LA LIBERTAD;1303;BOLIVAR;BAMBAMARCA
120203;130303;13;LA LIBERTAD;1303;BOLIVAR;CONDORMARCA
120204;130304;13;LA LIBERTAD;1303;BOLIVAR;LONGOTEA
120206;130305;13;LA LIBERTAD;1303;BOLIVAR;UCHUMARCA
120205;130306;13;LA LIBERTAD;1303;BOLIVAR;UCUNCHA
120901;130401;13;LA LIBERTAD;1304;CHEPEN;CHEPEN
120902;130402;13;LA LIBERTAD;1304;CHEPEN;PACANGA
120903;130403;13;LA LIBERTAD;1304;CHEPEN;PUEBLO NUEVO
121001;130501;13;LA LIBERTAD;1305;JULCAN;JULCAN
121003;130502;13;LA LIBERTAD;1305;JULCAN;CALAMARCA
121002;130503;13;LA LIBERTAD;1305;JULCAN;CARABAMBA
121004;130504;13;LA LIBERTAD;1305;JULCAN;HUASO
120401;130601;13;LA LIBERTAD;1306;OTUZCO;OTUZCO
120402;130602;13;LA LIBERTAD;1306;OTUZCO;AGALLPAMPA
120403;130604;13;LA LIBERTAD;1306;OTUZCO;CHARAT
120404;130605;13;LA LIBERTAD;1306;OTUZCO;HUARANCHAL
120405;130606;13;LA LIBERTAD;1306;OTUZCO;LA CUESTA
120413;130608;13;LA LIBERTAD;1306;OTUZCO;MACHE
120408;130610;13;LA LIBERTAD;1306;OTUZCO;PARANDAY
120409;130611;13;LA LIBERTAD;1306;OTUZCO;SALPO
120410;130613;13;LA LIBERTAD;1306;OTUZCO;SINSICAP
120411;130614;13;LA LIBERTAD;1306;OTUZCO;USQUIL
120501;130701;13;LA LIBERTAD;1307;PACASMAYO;SAN PEDRO DE LLOC
120503;130702;13;LA LIBERTAD;1307;PACASMAYO;GUADALUPE
120504;130703;13;LA LIBERTAD;1307;PACASMAYO;JEQUETEPEQUE
120506;130704;13;LA LIBERTAD;1307;PACASMAYO;PACASMAYO
120508;130705;13;LA LIBERTAD;1307;PACASMAYO;SAN JOSE
120601;130801;13;LA LIBERTAD;1308;PATAZ;TAYABAMBA
120602;130802;13;LA LIBERTAD;1308;PATAZ;BULDIBUYO
120603;130803;13;LA LIBERTAD;1308;PATAZ;CHILLIA
120605;130804;13;LA LIBERTAD;1308;PATAZ;HUANCASPATA
120604;130805;13;LA LIBERTAD;1308;PATAZ;HUAYLILLAS
120606;130806;13;LA LIBERTAD;1308;PATAZ;HUAYO
120607;130807;13;LA LIBERTAD;1308;PATAZ;ONGON
120608;130808;13;LA LIBERTAD;1308;PATAZ;PARCOY
120609;130809;13;LA LIBERTAD;1308;PATAZ;PATAZ
120610;130810;13;LA LIBERTAD;1308;PATAZ;PIAS
120613;130811;13;LA LIBERTAD;1308;PATAZ;SANTIAGO DE CHALLAS
120611;130812;13;LA LIBERTAD;1308;PATAZ;TAURIJA
120612;130813;13;LA LIBERTAD;1308;PATAZ;URPAY
120301;130901;13;LA LIBERTAD;1309;SANCHEZ CARRION;HUAMACHUCO
120304;130902;13;LA LIBERTAD;1309;SANCHEZ CARRION;CHUGAY
120302;130903;13;LA LIBERTAD;1309;SANCHEZ CARRION;COCHORCO
120303;130904;13;LA LIBERTAD;1309;SANCHEZ CARRION;CURGOS
120305;130905;13;LA LIBERTAD;1309;SANCHEZ CARRION;MARCABAL
120306;130906;13;LA LIBERTAD;1309;SANCHEZ CARRION;SANAGORAN
120307;130907;13;LA LIBERTAD;1309;SANCHEZ CARRION;SARIN
120308;130908;13;LA LIBERTAD;1309;SANCHEZ CARRION;SARTIMBAMBA
120701;131001;13;LA LIBERTAD;1310;SANTIAGO DE CHUCO;SANTIAGO DE CHUCO
120708;131002;13;LA LIBERTAD;1310;SANTIAGO DE CHUCO;ANGASMARCA
120702;131003;13;LA LIBERTAD;1310;SANTIAGO DE CHUCO;CACHICADAN
120703;131004;13;LA LIBERTAD;1310;SANTIAGO DE CHUCO;MOLLEBAMBA
120704;131005;13;LA LIBERTAD;1310;SANTIAGO DE CHUCO;MOLLEPATA
120705;131006;13;LA LIBERTAD;1310;SANTIAGO DE CHUCO;QUIRUVILCA
120706;131007;13;LA LIBERTAD;1310;SANTIAGO DE CHUCO;SANTA CRUZ DE CHUCA
120707;131008;13;LA LIBERTAD;1310;SANTIAGO DE CHUCO;SITABAMBA
121101;131101;13;LA LIBERTAD;1311;GRAN CHIMU;CASCAS
121102;131102;13;LA LIBERTAD;1311;GRAN CHIMU;LUCMA
121103;131103;13;LA LIBERTAD;1311;GRAN CHIMU;MARMOT
121104;131104;13;LA LIBERTAD;1311;GRAN CHIMU;SAYAPULLO
121201;131201;13;LA LIBERTAD;1312;VIRU;VIRU
121202;131202;13;LA LIBERTAD;1312;VIRU;CHAO
121203;131203;13;LA LIBERTAD;1312;VIRU;GUADALUPITO
130101;140101;14;LAMBAYEQUE;1401;CHICLAYO;CHICLAYO
130102;140102;14;LAMBAYEQUE;1401;CHICLAYO;CHONGOYAPE
130103;140103;14;LAMBAYEQUE;1401;CHICLAYO;ETEN
130104;140104;14;LAMBAYEQUE;1401;CHICLAYO;ETEN PUERTO
130112;140105;14;LAMBAYEQUE;1401;CHICLAYO;JOSE LEONARDO ORTIZ
130115;140106;14;LAMBAYEQUE;1401;CHICLAYO;LA VICTORIA
130105;140107;14;LAMBAYEQUE;1401;CHICLAYO;LAGUNAS
130106;140108;14;LAMBAYEQUE;1401;CHICLAYO;MONSEFU
130107;140109;14;LAMBAYEQUE;1401;CHICLAYO;NUEVA ARICA
130108;140110;14;LAMBAYEQUE;1401;CHICLAYO;OYOTUN
130109;140111;14;LAMBAYEQUE;1401;CHICLAYO;PICSI
130110;140112;14;LAMBAYEQUE;1401;CHICLAYO;PIMENTEL
130111;140113;14;LAMBAYEQUE;1401;CHICLAYO;REQUE
130113;140114;14;LAMBAYEQUE;1401;CHICLAYO;SANTA ROSA
130114;140115;14;LAMBAYEQUE;1401;CHICLAYO;SAÑA
130116;140116;14;LAMBAYEQUE;1401;CHICLAYO;CAYALTI
130117;140117;14;LAMBAYEQUE;1401;CHICLAYO;PATAPO
130118;140118;14;LAMBAYEQUE;1401;CHICLAYO;POMALCA
130119;140119;14;LAMBAYEQUE;1401;CHICLAYO;PUCALA
130120;140120;14;LAMBAYEQUE;1401;CHICLAYO;TUMAN
130201;140201;14;LAMBAYEQUE;1402;FERREÑAFE;FERREÑAFE
130203;140202;14;LAMBAYEQUE;1402;FERREÑAFE;CAÑARIS
130202;140203;14;LAMBAYEQUE;1402;FERREÑAFE;INCAHUASI
130206;140204;14;LAMBAYEQUE;1402;FERREÑAFE;MANUEL ANTONIO MESONES MURO
130204;140205;14;LAMBAYEQUE;1402;FERREÑAFE;PITIPO
130205;140206;14;LAMBAYEQUE;1402;FERREÑAFE;PUEBLO NUEVO
130301;140301;14;LAMBAYEQUE;1403;LAMBAYEQUE;LAMBAYEQUE
130302;140302;14;LAMBAYEQUE;1403;LAMBAYEQUE;CHOCHOPE
130303;140303;14;LAMBAYEQUE;1403;LAMBAYEQUE;ILLIMO
130304;140304;14;LAMBAYEQUE;1403;LAMBAYEQUE;JAYANCA
130305;140305;14;LAMBAYEQUE;1403;LAMBAYEQUE;MOCHUMI
130306;140306;14;LAMBAYEQUE;1403;LAMBAYEQUE;MORROPE
130307;140307;14;LAMBAYEQUE;1403;LAMBAYEQUE;MOTUPE
130308;140308;14;LAMBAYEQUE;1403;LAMBAYEQUE;OLMOS
130309;140309;14;LAMBAYEQUE;1403;LAMBAYEQUE;PACORA
130310;140310;14;LAMBAYEQUE;1403;LAMBAYEQUE;SALAS
130311;140311;14;LAMBAYEQUE;1403;LAMBAYEQUE;SAN JOSE
130312;140312;14;LAMBAYEQUE;1403;LAMBAYEQUE;TUCUME
140101;150101;15;LIMA;1501;LIMA;LIMA
140102;150102;15;LIMA;1501;LIMA;ANCON
140103;150103;15;LIMA;1501;LIMA;ATE
140125;150104;15;LIMA;1501;LIMA;BARRANCO
140104;150105;15;LIMA;1501;LIMA;BREÑA
140105;150106;15;LIMA;1501;LIMA;CARABAYLLO
140107;150107;15;LIMA;1501;LIMA;CHACLACAYO
140108;150108;15;LIMA;1501;LIMA;CHORRILLOS
140139;150109;15;LIMA;1501;LIMA;CIENEGUILLA
140106;150110;15;LIMA;1501;LIMA;COMAS
140135;150111;15;LIMA;1501;LIMA;EL AGUSTINO
140134;150112;15;LIMA;1501;LIMA;INDEPENDENCIA
140133;150113;15;LIMA;1501;LIMA;JESUS MARIA
140110;150114;15;LIMA;1501;LIMA;LA MOLINA
140109;150115;15;LIMA;1501;LIMA;LA VICTORIA
140111;150116;15;LIMA;1501;LIMA;LINCE
140142;150117;15;LIMA;1501;LIMA;LOS OLIVOS
140112;150118;15;LIMA;1501;LIMA;LURIGANCHO
140113;150119;15;LIMA;1501;LIMA;LURIN
140114;150120;15;LIMA;1501;LIMA;MAGDALENA DEL MAR
140117;150121;15;LIMA;1501;LIMA;PUEBLO LIBRE
140115;150122;15;LIMA;1501;LIMA;MIRAFLORES
140116;150123;15;LIMA;1501;LIMA;PACHACAMAC
140118;150124;15;LIMA;1501;LIMA;PUCUSANA
140119;150125;15;LIMA;1501;LIMA;PUENTE PIEDRA
140120;150126;15;LIMA;1501;LIMA;PUNTA HERMOSA
140121;150127;15;LIMA;1501;LIMA;PUNTA NEGRA
140122;150128;15;LIMA;1501;LIMA;RIMAC
140123;150129;15;LIMA;1501;LIMA;SAN BARTOLO
140140;150130;15;LIMA;1501;LIMA;SAN BORJA
140124;150131;15;LIMA;1501;LIMA;SAN ISIDRO
140137;150132;15;LIMA;1501;LIMA;SAN JUAN DE LURIGANCHO
140136;150133;15;LIMA;1501;LIMA;SAN JUAN DE MIRAFLORES
140138;150134;15;LIMA;1501;LIMA;SAN LUIS
140126;150135;15;LIMA;1501;LIMA;SAN MARTIN DE PORRES
140127;150136;15;LIMA;1501;LIMA;SAN MIGUEL
140143;150137;15;LIMA;1501;LIMA;SANTA ANITA
140128;150138;15;LIMA;1501;LIMA;SANTA MARIA DEL MAR
140129;150139;15;LIMA;1501;LIMA;SANTA ROSA
140130;150140;15;LIMA;1501;LIMA;SANTIAGO DE SURCO
140131;150141;15;LIMA;1501;LIMA;SURQUILLO
140141;150142;15;LIMA;1501;LIMA;VILLA EL SALVADOR
140132;150143;15;LIMA;1501;LIMA;VILLA MARIA DEL TRIUNFO
140901;150201;15;LIMA;1502;BARRANCA;BARRANCA
140902;150202;15;LIMA;1502;BARRANCA;PARAMONGA
140903;150203;15;LIMA;1502;BARRANCA;PATIVILCA
140904;150204;15;LIMA;1502;BARRANCA;SUPE
140905;150205;15;LIMA;1502;BARRANCA;SUPE PUERTO
140201;150301;15;LIMA;1503;CAJATAMBO;CAJATAMBO
140205;150302;15;LIMA;1503;CAJATAMBO;COPA
140206;150303;15;LIMA;1503;CAJATAMBO;GORGOR
140207;150304;15;LIMA;1503;CAJATAMBO;HUANCAPON
140208;150305;15;LIMA;1503;CAJATAMBO;MANAS
140301;150401;15;LIMA;1504;CANTA;CANTA
140302;150402;15;LIMA;1504;CANTA;ARAHUAY
140303;150403;15;LIMA;1504;CANTA;HUAMANTANGA
140304;150404;15;LIMA;1504;CANTA;HUAROS
140305;150405;15;LIMA;1504;CANTA;LACHAQUI
140306;150406;15;LIMA;1504;CANTA;SAN BUENAVENTURA
140307;150407;15;LIMA;1504;CANTA;SANTA ROSA DE QUIVES
140401;150501;15;LIMA;1505;CAÑETE;SAN VICENTE DE CAÑETE
140416;150502;15;LIMA;1505;CAÑETE;ASIA
140402;150503;15;LIMA;1505;CAÑETE;CALANGO
140403;150504;15;LIMA;1505;CAÑETE;CERRO AZUL
140405;150505;15;LIMA;1505;CAÑETE;CHILCA
140404;150506;15;LIMA;1505;CAÑETE;COAYLLO
140406;150507;15;LIMA;1505;CAÑETE;IMPERIAL
140407;150508;15;LIMA;1505;CAÑETE;LUNAHUANA
140408;150509;15;LIMA;1505;CAÑETE;MALA
140409;150510;15;LIMA;1505;CAÑETE;NUEVO IMPERIAL
140410;150511;15;LIMA;1505;CAÑETE;PACARAN
140411;150512;15;LIMA;1505;CAÑETE;QUILMANA
140412;150513;15;LIMA;1505;CAÑETE;SAN ANTONIO
140413;150514;15;LIMA;1505;CAÑETE;SAN LUIS
140414;150515;15;LIMA;1505;CAÑETE;SANTA CRUZ DE FLORES
140415;150516;15;LIMA;1505;CAÑETE;ZUÑIGA
140801;150601;15;LIMA;1506;HUARAL;HUARAL
140802;150602;15;LIMA;1506;HUARAL;ATAVILLOS ALTO
140803;150603;15;LIMA;1506;HUARAL;ATAVILLOS BAJO
140804;150604;15;LIMA;1506;HUARAL;AUCALLAMA
140805;150605;15;LIMA;1506;HUARAL;CHANCAY
140806;150606;15;LIMA;1506;HUARAL;IHUARI
140807;150607;15;LIMA;1506;HUARAL;LAMPIAN
140808;150608;15;LIMA;1506;HUARAL;PACARAOS
140809;150609;15;LIMA;1506;HUARAL;SAN MIGUEL DE ACOS
140811;150610;15;LIMA;1506;HUARAL;SANTA CRUZ DE ANDAMARCA
140812;150611;15;LIMA;1506;HUARAL;SUMBILCA
140810;150612;15;LIMA;1506;HUARAL;VEINTISIETE DE NOVIEMBRE
140601;150701;15;LIMA;1507;HUAROCHIRI;MATUCANA
140602;150702;15;LIMA;1507;HUAROCHIRI;ANTIOQUIA
140603;150703;15;LIMA;1507;HUAROCHIRI;CALLAHUANCA
140604;150704;15;LIMA;1507;HUAROCHIRI;CARAMPOMA
140607;150705;15;LIMA;1507;HUAROCHIRI;CHICLA
140606;150706;15;LIMA;1507;HUAROCHIRI;CUENCA
140630;150707;15;LIMA;1507;HUAROCHIRI;HUACHUPAMPA
140608;150708;15;LIMA;1507;HUAROCHIRI;HUANZA
140609;150709;15;LIMA;1507;HUAROCHIRI;HUAROCHIRI
140610;150710;15;LIMA;1507;HUAROCHIRI;LAHUAYTAMBO
140611;150711;15;LIMA;1507;HUAROCHIRI;LANGA
140631;150712;15;LIMA;1507;HUAROCHIRI;LARAOS
140612;150713;15;LIMA;1507;HUAROCHIRI;MARIATANA
140613;150714;15;LIMA;1507;HUAROCHIRI;RICARDO PALMA
140614;150715;15;LIMA;1507;HUAROCHIRI;SAN ANDRES DE TUPICOCHA
140615;150716;15;LIMA;1507;HUAROCHIRI;SAN ANTONIO
140616;150717;15;LIMA;1507;HUAROCHIRI;SAN BARTOLOME
140617;150718;15;LIMA;1507;HUAROCHIRI;SAN DAMIAN
140632;150719;15;LIMA;1507;HUAROCHIRI;SAN JUAN DE IRIS
140619;150720;15;LIMA;1507;HUAROCHIRI;SAN JUAN DE TANTARANCHE
140620;150721;15;LIMA;1507;HUAROCHIRI;SAN LORENZO DE QUINTI
140621;150722;15;LIMA;1507;HUAROCHIRI;SAN MATEO
140622;150723;15;LIMA;1507;HUAROCHIRI;SAN MATEO DE OTAO
140605;150724;15;LIMA;1507;HUAROCHIRI;SAN PEDRO DE CASTA
140623;150725;15;LIMA;1507;HUAROCHIRI;SAN PEDRO DE HUANCAYRE
140618;150726;15;LIMA;1507;HUAROCHIRI;SANGALLAYA
140624;150727;15;LIMA;1507;HUAROCHIRI;SANTA CRUZ DE COCACHACRA
140625;150728;15;LIMA;1507;HUAROCHIRI;SANTA EULALIA
140626;150729;15;LIMA;1507;HUAROCHIRI;SANTIAGO DE ANCHUCAYA
140627;150730;15;LIMA;1507;HUAROCHIRI;SANTIAGO DE TUNA
140628;150731;15;LIMA;1507;HUAROCHIRI;SANTO DOMINGO DE LOS OLLEROS
140629;150732;15;LIMA;1507;HUAROCHIRI;SURCO
140501;150801;15;LIMA;1508;HUAURA;HUACHO
140502;150802;15;LIMA;1508;HUAURA;AMBAR
140504;150803;15;LIMA;1508;HUAURA;CALETA DE CARQUIN
140505;150804;15;LIMA;1508;HUAURA;CHECRAS
140506;150805;15;LIMA;1508;HUAURA;HUALMAY
140507;150806;15;LIMA;1508;HUAURA;HUAURA
140508;150807;15;LIMA;1508;HUAURA;LEONCIO PRADO
140509;150808;15;LIMA;1508;HUAURA;PACCHO
140511;150809;15;LIMA;1508;HUAURA;SANTA LEONOR
140512;150810;15;LIMA;1508;HUAURA;SANTA MARIA
140513;150811;15;LIMA;1508;HUAURA;SAYAN
140516;150812;15;LIMA;1508;HUAURA;VEGUETA
141001;150901;15;LIMA;1509;OYON;OYON
141004;150902;15;LIMA;1509;OYON;ANDAJES
141003;150903;15;LIMA;1509;OYON;CAUJUL
141006;150904;15;LIMA;1509;OYON;COCHAMARCA
141002;150905;15;LIMA;1509;OYON;NAVAN
141005;150906;15;LIMA;1509;OYON;PACHANGARA
140701;151001;15;LIMA;1510;YAUYOS;YAUYOS
140702;151002;15;LIMA;1510;YAUYOS;ALIS
140703;151003;15;LIMA;1510;YAUYOS;AYAUCA
140704;151004;15;LIMA;1510;YAUYOS;AYAVIRI
140705;151005;15;LIMA;1510;YAUYOS;AZANGARO
140706;151006;15;LIMA;1510;YAUYOS;CACRA
140707;151007;15;LIMA;1510;YAUYOS;CARANIA
140733;151008;15;LIMA;1510;YAUYOS;CATAHUASI
140710;151009;15;LIMA;1510;YAUYOS;CHOCOS
140708;151010;15;LIMA;1510;YAUYOS;COCHAS
140709;151011;15;LIMA;1510;YAUYOS;COLONIA
140730;151012;15;LIMA;1510;YAUYOS;HONGOS
140711;151013;15;LIMA;1510;YAUYOS;HUAMPARA
140712;151014;15;LIMA;1510;YAUYOS;HUANCAYA
140713;151015;15;LIMA;1510;YAUYOS;HUANGASCAR
140714;151016;15;LIMA;1510;YAUYOS;HUANTAN
140715;151017;15;LIMA;1510;YAUYOS;HUAÑEC
140716;151018;15;LIMA;1510;YAUYOS;LARAOS
140717;151019;15;LIMA;1510;YAUYOS;LINCHA
140731;151020;15;LIMA;1510;YAUYOS;MADEAN
140718;151021;15;LIMA;1510;YAUYOS;MIRAFLORES
140719;151022;15;LIMA;1510;YAUYOS;OMAS
140732;151023;15;LIMA;1510;YAUYOS;PUTINZA
140720;151024;15;LIMA;1510;YAUYOS;QUINCHES
140721;151025;15;LIMA;1510;YAUYOS;QUINOCAY
140722;151026;15;LIMA;1510;YAUYOS;SAN JOAQUIN
140723;151027;15;LIMA;1510;YAUYOS;SAN PEDRO DE PILAS
140724;151028;15;LIMA;1510;YAUYOS;TANTA
140725;151029;15;LIMA;1510;YAUYOS;TAURIPAMPA
140727;151030;15;LIMA;1510;YAUYOS;TOMAS
140726;151031;15;LIMA;1510;YAUYOS;TUPE
140728;151032;15;LIMA;1510;YAUYOS;VIÑAC
140729;151033;15;LIMA;1510;YAUYOS;VITIS
150101;160101;16;LORETO;1601;MAYNAS;IQUITOS
150102;160102;16;LORETO;1601;MAYNAS;ALTO NANAY
150103;160103;16;LORETO;1601;MAYNAS;FERNANDO LORES
150110;160104;16;LORETO;1601;MAYNAS;INDIANA
150104;160105;16;LORETO;1601;MAYNAS;LAS AMAZONAS
150105;160106;16;LORETO;1601;MAYNAS;MAZAN
150106;160107;16;LORETO;1601;MAYNAS;NAPO
150111;160108;16;LORETO;1601;MAYNAS;PUNCHANA
150108;160110;16;LORETO;1601;MAYNAS;TORRES CAUSANA
150112;160112;16;LORETO;1601;MAYNAS;BELEN
150113;160113;16;LORETO;1601;MAYNAS;SAN JUAN BAUTISTA
150201;160201;16;LORETO;1602;ALTO AMAZONAS;YURIMAGUAS
150202;160202;16;LORETO;1602;ALTO AMAZONAS;BALSAPUERTO
150205;160205;16;LORETO;1602;ALTO AMAZONAS;JEBEROS
150206;160206;16;LORETO;1602;ALTO AMAZONAS;LAGUNAS
230201;240201;24;TUMBES;2402;CONTRALMIRANTE VILLAR;ZORRITOS
230202;240202;24;TUMBES;2402;CONTRALMIRANTE VILLAR;CASITAS
230203;240203;24;TUMBES;2402;CONTRALMIRANTE VILLAR;CANOAS DE PUNTA SAL
230301;240301;24;TUMBES;2403;ZARUMILLA;ZARUMILLA
230304;240302;24;TUMBES;2403;ZARUMILLA;AGUAS VERDES
230302;240303;24;TUMBES;2403;ZARUMILLA;MATAPALO
230303;240304;24;TUMBES;2403;ZARUMILLA;PAPAYAL
250101;250101;25;UCAYALI;2501;CORONEL PORTILLO;CALLERIA
250104;250102;25;UCAYALI;2501;CORONEL PORTILLO;CAMPOVERDE
250105;250103;25;UCAYALI;2501;CORONEL PORTILLO;IPARIA
250103;250104;25;UCAYALI;2501;CORONEL PORTILLO;MASISEA
250102;250105;25;UCAYALI;2501;CORONEL PORTILLO;YARINACOCHA
250106;250106;25;UCAYALI;2501;CORONEL PORTILLO;NUEVA REQUENA
250107;250107;25;UCAYALI;2501;CORONEL PORTILLO;MANANTAY
250301;250201;25;UCAYALI;2502;ATALAYA;RAYMONDI
250304;250202;25;UCAYALI;2502;ATALAYA;SEPAHUA
250302;250203;25;UCAYALI;2502;ATALAYA;TAHUANIA
250303;250204;25;UCAYALI;2502;ATALAYA;YURUA
250201;250301;25;UCAYALI;2503;PADRE ABAD;PADRE ABAD
250202;250302;25;UCAYALI;2503;PADRE ABAD;IRAZOLA
250203;250303;25;UCAYALI;2503;PADRE ABAD;CURIMANA
250204;250304;25;UCAYALI;2503;PADRE ABAD;NESHUYA
250205;250305;25;UCAYALI;2503;PADRE ABAD;ALEXANDER VON HUMBOLDT
250401;250401;25;UCAYALI;2504;PURUS;PURUS
50314;50413;5;AYACUCHO;504;HUANTA;PUTIS
50412;50512;5;AYACUCHO;505;LA MAR;UNION PROGRESO
50415;50513;5;AYACUCHO;505;LA MAR;RIO MAGDALENA
50414;50514;5;AYACUCHO;505;LA MAR;NINABAMBA
50413;50515;5;AYACUCHO;505;LA MAR;PATIBAMBA
250207;250306;25;UCAYALI;2503;PADRE ABAD;HUIPOCA
250206;250307;25;UCAYALI;2503;PADRE ABAD;BOQUERON
170107;180199;18;MOQUEGUA;1801;MARISCAL NIETO;SAN ANTONIO
80533;90724;9;HUANCAVELICA;907;TAYACAJA;LAMBRAS
80534;90725;9;HUANCAVELICA;907;TAYACAJA;COCHABAMBA
;150144;15;LIMA;1501;LIMA;SANTA MARIA DE HUACHIPA
70916;80915;8;CUSCO;809;LA CONVENCION;KUMPIRUSHIATO
70917;80916;8;CUSCO;809;LA CONVENCION;CIELO PUNCO
70918;80917;8;CUSCO;809;LA CONVENCION;MANITEA
70919;80918;8;CUSCO;809;LA CONVENCION;UNION ASHÁNINKA
30712;30612;3;APURIMAC;306;CHINCHEROS;AHUAYRO
210806;221006;22;SAN MARTIN;2210;TOCACHE;SANTA LUCIA
150107;160109;16;LORETO;1601;MAYNAS;PUTUMAYO
150114;160114;16;LORETO;1601;MAYNAS;TENIENTE MANUEL CLAVERO
150210;160210;16;LORETO;1602;ALTO AMAZONAS;SANTA CRUZ
150211;160211;16;LORETO;1602;ALTO AMAZONAS;TENIENTE CESAR LOPEZ ROJAS
150301;160301;16;LORETO;1603;LORETO;NAUTA
150302;160302;16;LORETO;1603;LORETO;PARINARI
150303;160303;16;LORETO;1603;LORETO;TIGRE
150305;160304;16;LORETO;1603;LORETO;TROMPETEROS
150304;160305;16;LORETO;1603;LORETO;URARINAS
150601;160401;16;LORETO;1604;MARISCAL RAMON CASTILLA;RAMON CASTILLA
150602;160402;16;LORETO;1604;MARISCAL RAMON CASTILLA;PEBAS
150603;160403;16;LORETO;1604;MARISCAL RAMON CASTILLA;YAVARI
150604;160404;16;LORETO;1604;MARISCAL RAMON CASTILLA;SAN PABLO
150401;160501;16;LORETO;1605;REQUENA;REQUENA
150402;160502;16;LORETO;1605;REQUENA;ALTO TAPICHE
150403;160503;16;LORETO;1605;REQUENA;CAPELO
150404;160504;16;LORETO;1605;REQUENA;EMILIO SAN MARTIN
150405;160505;16;LORETO;1605;REQUENA;MAQUIA
150406;160506;16;LORETO;1605;REQUENA;PUINAHUA
150407;160507;16;LORETO;1605;REQUENA;SAQUENA
150408;160508;16;LORETO;1605;REQUENA;SOPLIN
150409;160509;16;LORETO;1605;REQUENA;TAPICHE
150410;160510;16;LORETO;1605;REQUENA;JENARO HERRERA
150411;160511;16;LORETO;1605;REQUENA;YAQUERANA
150501;160601;16;LORETO;1606;UCAYALI;CONTAMANA
150506;160602;16;LORETO;1606;UCAYALI;INAHUAYA
150503;160603;16;LORETO;1606;UCAYALI;PADRE MARQUEZ
150504;160604;16;LORETO;1606;UCAYALI;PAMPA HERMOSA
150505;160605;16;LORETO;1606;UCAYALI;SARAYACU
150502;160606;16;LORETO;1606;UCAYALI;VARGAS GUERRA
150701;160701;16;LORETO;1607;DATEM DEL MARAÑON;BARRANCA
150703;160702;16;LORETO;1607;DATEM DEL MARAÑON;CAHUAPANAS
150704;160703;16;LORETO;1607;DATEM DEL MARAÑON;MANSERICHE
150705;160704;16;LORETO;1607;DATEM DEL MARAÑON;MORONA
150706;160705;16;LORETO;1607;DATEM DEL MARAÑON;PASTAZA
150702;160706;16;LORETO;1607;DATEM DEL MARAÑON;ANDOAS
150901;160801;16;LORETO;1608;PUTUMAYO;PUTUMAYO
150902;160802;16;LORETO;1608;PUTUMAYO;ROSA PANDURO
150903;160803;16;LORETO;1608;PUTUMAYO;TENIENTE MANUEL CLAVERO
150904;160804;16;LORETO;1608;PUTUMAYO;YAGUAS
160101;170101;17;MADRE DE DIOS;1701;TAMBOPATA;TAMBOPATA
160102;170102;17;MADRE DE DIOS;1701;TAMBOPATA;INAMBARI
160103;170103;17;MADRE DE DIOS;1701;TAMBOPATA;LAS PIEDRAS
160104;170104;17;MADRE DE DIOS;1701;TAMBOPATA;LABERINTO
160201;170201;17;MADRE DE DIOS;1702;MANU;MANU
160202;170202;17;MADRE DE DIOS;1702;MANU;FITZCARRALD
160203;170203;17;MADRE DE DIOS;1702;MANU;MADRE DE DIOS
160204;170204;17;MADRE DE DIOS;1702;MANU;HUEPETUHE
160301;170301;17;MADRE DE DIOS;1703;TAHUAMANU;IÑAPARI
160302;170302;17;MADRE DE DIOS;1703;TAHUAMANU;IBERIA
160303;170303;17;MADRE DE DIOS;1703;TAHUAMANU;TAHUAMANU
170101;180101;18;MOQUEGUA;1801;MARISCAL NIETO;MOQUEGUA
170102;180102;18;MOQUEGUA;1801;MARISCAL NIETO;CARUMAS
170103;180103;18;MOQUEGUA;1801;MARISCAL NIETO;CUCHUMBAYA
170106;180104;18;MOQUEGUA;1801;MARISCAL NIETO;SAMEGUA
170104;180105;18;MOQUEGUA;1801;MARISCAL NIETO;SAN CRISTOBAL
170105;180106;18;MOQUEGUA;1801;MARISCAL NIETO;TORATA
170201;180201;18;MOQUEGUA;1802;GENERAL SANCHEZ CERRO;OMATE
170203;180202;18;MOQUEGUA;1802;GENERAL SANCHEZ CERRO;CHOJATA
170202;180203;18;MOQUEGUA;1802;GENERAL SANCHEZ CERRO;COALAQUE
170204;180204;18;MOQUEGUA;1802;GENERAL SANCHEZ CERRO;ICHUÑA
170205;180205;18;MOQUEGUA;1802;GENERAL SANCHEZ CERRO;LA CAPILLA
170206;180206;18;MOQUEGUA;1802;GENERAL SANCHEZ CERRO;LLOQUE
170207;180207;18;MOQUEGUA;1802;GENERAL SANCHEZ CERRO;MATALAQUE
170208;180208;18;MOQUEGUA;1802;GENERAL SANCHEZ CERRO;PUQUINA
170209;180209;18;MOQUEGUA;1802;GENERAL SANCHEZ CERRO;QUINISTAQUILLAS
170210;180210;18;MOQUEGUA;1802;GENERAL SANCHEZ CERRO;UBINAS
170211;180211;18;MOQUEGUA;1802;GENERAL SANCHEZ CERRO;YUNGA
170301;180301;18;MOQUEGUA;1803;ILO;ILO
170302;180302;18;MOQUEGUA;1803;ILO;EL ALGARROBAL
170303;180303;18;MOQUEGUA;1803;ILO;PACOCHA
180101;190101;19;PASCO;1901;PASCO;CHAUPIMARCA
180103;190102;19;PASCO;1901;PASCO;HUACHON
180104;190103;19;PASCO;1901;PASCO;HUARIACA
180105;190104;19;PASCO;1901;PASCO;HUAYLLAY
180106;190105;19;PASCO;1901;PASCO;NINACACA
180107;190106;19;PASCO;1901;PASCO;PALLANCHACRA
180108;190107;19;PASCO;1901;PASCO;PAUCARTAMBO
180109;190108;19;PASCO;1901;PASCO;SAN FRANCISCO DE ASIS DE YARUSYACAN
180110;190109;19;PASCO;1901;PASCO;SIMON BOLIVAR
180111;190110;19;PASCO;1901;PASCO;TICLACAYAN
180112;190111;19;PASCO;1901;PASCO;TINYAHUARCO
180113;190112;19;PASCO;1901;PASCO;VICCO
180114;190113;19;PASCO;1901;PASCO;YANACANCHA
180201;190201;19;PASCO;1902;DANIEL ALCIDES CARRION;YANAHUANCA
180202;190202;19;PASCO;1902;DANIEL ALCIDES CARRION;CHACAYAN
180203;190203;19;PASCO;1902;DANIEL ALCIDES CARRION;GOYLLARISQUIZGA
180204;190204;19;PASCO;1902;DANIEL ALCIDES CARRION;PAUCAR
180205;190205;19;PASCO;1902;DANIEL ALCIDES CARRION;SAN PEDRO DE PILLAO
180206;190206;19;PASCO;1902;DANIEL ALCIDES CARRION;SANTA ANA DE TUSI
180207;190207;19;PASCO;1902;DANIEL ALCIDES CARRION;TAPUC
180208;190208;19;PASCO;1902;DANIEL ALCIDES CARRION;VILCABAMBA
180301;190301;19;PASCO;1903;OXAPAMPA;OXAPAMPA
180302;190302;19;PASCO;1903;OXAPAMPA;CHONTABAMBA
180303;190303;19;PASCO;1903;OXAPAMPA;HUANCABAMBA
180307;190304;19;PASCO;1903;OXAPAMPA;PALCAZU
180306;190305;19;PASCO;1903;OXAPAMPA;POZUZO
180304;190306;19;PASCO;1903;OXAPAMPA;PUERTO BERMUDEZ
180305;190307;19;PASCO;1903;OXAPAMPA;VILLA RICA
180308;190308;19;PASCO;1903;OXAPAMPA;CONSTITUCION
190101;200101;20;PIURA;2001;PIURA;PIURA
190103;200104;20;PIURA;2001;PIURA;CASTILLA
190104;200105;20;PIURA;2001;PIURA;CATACAOS
190113;200107;20;PIURA;2001;PIURA;CURA MORI
190114;200108;20;PIURA;2001;PIURA;EL TALLAN
190105;200109;20;PIURA;2001;PIURA;LA ARENA
190106;200110;20;PIURA;2001;PIURA;LA UNION
190107;200111;20;PIURA;2001;PIURA;LAS LOMAS
190109;200114;20;PIURA;2001;PIURA;TAMBO GRANDE
190115;200115;20;PIURA;2001;PIURA;VEINTISEIS DE OCTUBRE
190201;200201;20;PIURA;2002;AYABACA;AYABACA
190202;200202;20;PIURA;2002;AYABACA;FRIAS
190209;200203;20;PIURA;2002;AYABACA;JILILI
190203;200204;20;PIURA;2002;AYABACA;LAGUNAS
190204;200205;20;PIURA;2002;AYABACA;MONTERO
190205;200206;20;PIURA;2002;AYABACA;PACAIPAMPA
190210;200207;20;PIURA;2002;AYABACA;PAIMAS
190206;200208;20;PIURA;2002;AYABACA;SAPILLICA
190207;200209;20;PIURA;2002;AYABACA;SICCHEZ
190208;200210;20;PIURA;2002;AYABACA;SUYO
190301;200301;20;PIURA;2003;HUANCABAMBA;HUANCABAMBA
190302;200302;20;PIURA;2003;HUANCABAMBA;CANCHAQUE
190306;200303;20;PIURA;2003;HUANCABAMBA;EL CARMEN DE LA FRONTERA
190303;200304;20;PIURA;2003;HUANCABAMBA;HUARMACA
190308;200305;20;PIURA;2003;HUANCABAMBA;LALAQUIZ
190307;200306;20;PIURA;2003;HUANCABAMBA;SAN MIGUEL DE EL FAIQUE
190304;200307;20;PIURA;2003;HUANCABAMBA;SONDOR
190305;200308;20;PIURA;2003;HUANCABAMBA;SONDORILLO
190401;200401;20;PIURA;2004;MORROPON;CHULUCANAS
190402;200402;20;PIURA;2004;MORROPON;BUENOS AIRES
190403;200403;20;PIURA;2004;MORROPON;CHALACO
190408;200404;20;PIURA;2004;MORROPON;LA MATANZA
190404;200405;20;PIURA;2004;MORROPON;MORROPON
190405;200406;20;PIURA;2004;MORROPON;SALITRAL
190410;200407;20;PIURA;2004;MORROPON;SAN JUAN DE BIGOTE
190406;200408;20;PIURA;2004;MORROPON;SANTA CATALINA DE MOSSA
190407;200409;20;PIURA;2004;MORROPON;SANTO DOMINGO
190409;200410;20;PIURA;2004;MORROPON;YAMANGO
190501;200501;20;PIURA;2005;PAITA;PAITA
190502;200502;20;PIURA;2005;PAITA;AMOTAPE
190503;200503;20;PIURA;2005;PAITA;ARENAL
190505;200504;20;PIURA;2005;PAITA;COLAN
190504;200505;20;PIURA;2005;PAITA;LA HUACA
190506;200506;20;PIURA;2005;PAITA;TAMARINDO
190507;200507;20;PIURA;2005;PAITA;VICHAYAL
190601;200601;20;PIURA;2006;SULLANA;SULLANA
190602;200602;20;PIURA;2006;SULLANA;BELLAVISTA
190608;200603;20;PIURA;2006;SULLANA;IGNACIO ESCUDERO
190603;200604;20;PIURA;2006;SULLANA;LANCONES
190604;200605;20;PIURA;2006;SULLANA;MARCAVELICA
190605;200606;20;PIURA;2006;SULLANA;MIGUEL CHECA
190606;200607;20;PIURA;2006;SULLANA;QUERECOTILLO
190607;200608;20;PIURA;2006;SULLANA;SALITRAL
190701;200701;20;PIURA;2007;TALARA;PARIÑAS
190702;200702;20;PIURA;2007;TALARA;EL ALTO
190703;200703;20;PIURA;2007;TALARA;LA BREA
190704;200704;20;PIURA;2007;TALARA;LOBITOS
190706;200705;20;PIURA;2007;TALARA;LOS ORGANOS
190705;200706;20;PIURA;2007;TALARA;MANCORA
190801;200801;20;PIURA;2008;SECHURA;SECHURA
190804;200802;20;PIURA;2008;SECHURA;BELLAVISTA DE LA UNION
190803;200803;20;PIURA;2008;SECHURA;BERNAL
190805;200804;20;PIURA;2008;SECHURA;CRISTO NOS VALGA
190802;200805;20;PIURA;2008;SECHURA;VICE
190806;200806;20;PIURA;2008;SECHURA;RINCONADA LLICUAR
200101;210101;21;PUNO;2101;PUNO;PUNO
200102;210102;21;PUNO;2101;PUNO;ACORA
200115;210103;21;PUNO;2101;PUNO;AMANTANI
200103;210104;21;PUNO;2101;PUNO;ATUNCOLLA
200104;210105;21;PUNO;2101;PUNO;CAPACHICA
200106;210106;21;PUNO;2101;PUNO;CHUCUITO
200105;210107;21;PUNO;2101;PUNO;COATA
200107;210108;21;PUNO;2101;PUNO;HUATA
200108;210109;21;PUNO;2101;PUNO;MAÑAZO
200109;210110;21;PUNO;2101;PUNO;PAUCARCOLLA
200110;210111;21;PUNO;2101;PUNO;PICHACANI
200114;210112;21;PUNO;2101;PUNO;PLATERIA
200111;210113;21;PUNO;2101;PUNO;SAN ANTONIO
200112;210114;21;PUNO;2101;PUNO;TIQUILLACA
200113;210115;21;PUNO;2101;PUNO;VILQUE
200201;210201;21;PUNO;2102;AZANGARO;AZANGARO
200202;210202;21;PUNO;2102;AZANGARO;ACHAYA
200203;210203;21;PUNO;2102;AZANGARO;ARAPA
200204;210204;21;PUNO;2102;AZANGARO;ASILLO
200205;210205;21;PUNO;2102;AZANGARO;CAMINACA
200206;210206;21;PUNO;2102;AZANGARO;CHUPA
200207;210207;21;PUNO;2102;AZANGARO;JOSE DOMINGO CHOQUEHUANCA
200208;210208;21;PUNO;2102;AZANGARO;MUÑANI
200210;210209;21;PUNO;2102;AZANGARO;POTONI
200212;210210;21;PUNO;2102;AZANGARO;SAMAN
200213;210211;21;PUNO;2102;AZANGARO;SAN ANTON
200214;210212;21;PUNO;2102;AZANGARO;SAN JOSE
200215;210213;21;PUNO;2102;AZANGARO;SAN JUAN DE SALINAS
200216;210214;21;PUNO;2102;AZANGARO;SANTIAGO DE PUPUJA
200217;210215;21;PUNO;2102;AZANGARO;TIRAPATA
200301;210301;21;PUNO;2103;CARABAYA;MACUSANI
200302;210302;21;PUNO;2103;CARABAYA;AJOYANI
200303;210303;21;PUNO;2103;CARABAYA;AYAPATA
200304;210304;21;PUNO;2103;CARABAYA;COASA
200305;210305;21;PUNO;2103;CARABAYA;CORANI
200306;210306;21;PUNO;2103;CARABAYA;CRUCERO
200307;210307;21;PUNO;2103;CARABAYA;ITUATA
200308;210308;21;PUNO;2103;CARABAYA;OLLACHEA
200309;210309;21;PUNO;2103;CARABAYA;SAN GABAN
200310;210310;21;PUNO;2103;CARABAYA;USICAYOS
200401;210401;21;PUNO;2104;CHUCUITO;JULI
200402;210402;21;PUNO;2104;CHUCUITO;DESAGUADERO
200403;210403;21;PUNO;2104;CHUCUITO;HUACULLANI
200412;210404;21;PUNO;2104;CHUCUITO;KELLUYO
200406;210405;21;PUNO;2104;CHUCUITO;PISACOMA
200407;210406;21;PUNO;2104;CHUCUITO;POMATA
200410;210407;21;PUNO;2104;CHUCUITO;ZEPITA
201201;210501;21;PUNO;2105;EL COLLAO;ILAVE
201204;210502;21;PUNO;2105;EL COLLAO;CAPAZO
201202;210503;21;PUNO;2105;EL COLLAO;PILCUYO
201203;210504;21;PUNO;2105;EL COLLAO;SANTA ROSA
201205;210505;21;PUNO;2105;EL COLLAO;CONDURIRI
200501;210601;21;PUNO;2106;HUANCANE;HUANCANE
200502;210602;21;PUNO;2106;HUANCANE;COJATA
200511;210603;21;PUNO;2106;HUANCANE;HUATASANI
200504;210604;21;PUNO;2106;HUANCANE;INCHUPALLA
200506;210605;21;PUNO;2106;HUANCANE;PUSI
200507;210606;21;PUNO;2106;HUANCANE;ROSASPATA
200508;210607;21;PUNO;2106;HUANCANE;TARACO
200509;210608;21;PUNO;2106;HUANCANE;VILQUE CHICO
200601;210701;21;PUNO;2107;LAMPA;LAMPA
200602;210702;21;PUNO;2107;LAMPA;CABANILLA
200603;210703;21;PUNO;2107;LAMPA;CALAPUJA
200604;210704;21;PUNO;2107;LAMPA;NICASIO
200605;210705;21;PUNO;2107;LAMPA;OCUVIRI
200606;210706;21;PUNO;2107;LAMPA;PALCA
200607;210707;21;PUNO;2107;LAMPA;PARATIA
200608;210708;21;PUNO;2107;LAMPA;PUCARA
200609;210709;21;PUNO;2107;LAMPA;SANTA LUCIA
200610;210710;21;PUNO;2107;LAMPA;VILAVILA
200701;210801;21;PUNO;2108;MELGAR;AYAVIRI
200702;210802;21;PUNO;2108;MELGAR;ANTAUTA
200703;210803;21;PUNO;2108;MELGAR;CUPI
200704;210804;21;PUNO;2108;MELGAR;LLALLI
200705;210805;21;PUNO;2108;MELGAR;MACARI
200706;210806;21;PUNO;2108;MELGAR;NUÑOA
200707;210807;21;PUNO;2108;MELGAR;ORURILLO
200708;210808;21;PUNO;2108;MELGAR;SANTA ROSA
200709;210809;21;PUNO;2108;MELGAR;UMACHIRI
201301;210901;21;PUNO;2109;MOHO;MOHO
201302;210902;21;PUNO;2109;MOHO;CONIMA
201304;210903;21;PUNO;2109;MOHO;HUAYRAPATA
201303;210904;21;PUNO;2109;MOHO;TILALI
201101;211001;21;PUNO;2110;SAN ANTONIO DE PUTINA;PUTINA
201104;211002;21;PUNO;2110;SAN ANTONIO DE PUTINA;ANANEA
201102;211003;21;PUNO;2110;SAN ANTONIO DE PUTINA;PEDRO VILCA APAZA
201103;211004;21;PUNO;2110;SAN ANTONIO DE PUTINA;QUILCAPUNCU
201105;211005;21;PUNO;2110;SAN ANTONIO DE PUTINA;SINA
200901;211101;21;PUNO;2111;SAN ROMAN;JULIACA
200902;211102;21;PUNO;2111;SAN ROMAN;CABANA
200903;211103;21;PUNO;2111;SAN ROMAN;CABANILLAS
200904;211104;21;PUNO;2111;SAN ROMAN;CARACOTO
200905;211105;21;PUNO;2111;SAN ROMAN;SAN MIGUEL
200801;211201;21;PUNO;2112;SANDIA;SANDIA
200803;211202;21;PUNO;2112;SANDIA;CUYOCUYO
200804;211203;21;PUNO;2112;SANDIA;LIMBANI
200806;211204;21;PUNO;2112;SANDIA;PATAMBUCO
200805;211205;21;PUNO;2112;SANDIA;PHARA
200807;211206;21;PUNO;2112;SANDIA;QUIACA
200808;211207;21;PUNO;2112;SANDIA;SAN JUAN DEL ORO
200810;211208;21;PUNO;2112;SANDIA;YANAHUAYA
200811;211209;21;PUNO;2112;SANDIA;ALTO INAMBARI
200812;211210;21;PUNO;2112;SANDIA;SAN PEDRO DE PUTINA PUNCO
201001;211301;21;PUNO;2113;YUNGUYO;YUNGUYO
201003;211302;21;PUNO;2113;YUNGUYO;ANAPIA
201004;211303;21;PUNO;2113;YUNGUYO;COPANI
201005;211304;21;PUNO;2113;YUNGUYO;CUTURAPI
201006;211305;21;PUNO;2113;YUNGUYO;OLLARAYA
201007;211306;21;PUNO;2113;YUNGUYO;TINICACHI
201002;211307;21;PUNO;2113;YUNGUYO;UNICACHI
210101;220101;22;SAN MARTIN;2201;MOYOBAMBA;MOYOBAMBA
210102;220102;22;SAN MARTIN;2201;MOYOBAMBA;CALZADA
210103;220103;22;SAN MARTIN;2201;MOYOBAMBA;HABANA
210104;220104;22;SAN MARTIN;2201;MOYOBAMBA;JEPELACIO
210105;220105;22;SAN MARTIN;2201;MOYOBAMBA;SORITOR
210106;220106;22;SAN MARTIN;2201;MOYOBAMBA;YANTALO
210701;220201;22;SAN MARTIN;2202;BELLAVISTA;BELLAVISTA
210704;220202;22;SAN MARTIN;2202;BELLAVISTA;ALTO BIAVO
210706;220203;22;SAN MARTIN;2202;BELLAVISTA;BAJO BIAVO
210705;220204;22;SAN MARTIN;2202;BELLAVISTA;HUALLAGA
210703;220205;22;SAN MARTIN;2202;BELLAVISTA;SAN PABLO
210702;220206;22;SAN MARTIN;2202;BELLAVISTA;SAN RAFAEL
211001;220301;22;SAN MARTIN;2203;EL DORADO;SAN JOSE DE SISA
211002;220302;22;SAN MARTIN;2203;EL DORADO;AGUA BLANCA
211004;220303;22;SAN MARTIN;2203;EL DORADO;SAN MARTIN
211005;220304;22;SAN MARTIN;2203;EL DORADO;SANTA ROSA
211003;220305;22;SAN MARTIN;2203;EL DORADO;SHATOJA
210201;220401;22;SAN MARTIN;2204;HUALLAGA;SAPOSOA
210205;220402;22;SAN MARTIN;2204;HUALLAGA;ALTO SAPOSOA
210206;220403;22;SAN MARTIN;2204;HUALLAGA;EL ESLABON
210202;220404;22;SAN MARTIN;2204;HUALLAGA;PISCOYACU
210203;220405;22;SAN MARTIN;2204;HUALLAGA;SACANCHE
210204;220406;22;SAN MARTIN;2204;HUALLAGA;TINGO DE SAPOSOA
210301;220501;22;SAN MARTIN;2205;LAMAS;LAMAS
210315;220502;22;SAN MARTIN;2205;LAMAS;ALONSO DE ALVARADO
210303;220503;22;SAN MARTIN;2205;LAMAS;BARRANQUITA
210304;220504;22;SAN MARTIN;2205;LAMAS;CAYNARACHI
210305;220505;22;SAN MARTIN;2205;LAMAS;CUÑUMBUQUI
210306;220506;22;SAN MARTIN;2205;LAMAS;PINTO RECODO
210307;220507;22;SAN MARTIN;2205;LAMAS;RUMISAPA
210316;220508;22;SAN MARTIN;2205;LAMAS;SAN ROQUE DE CUMBAZA
210311;220509;22;SAN MARTIN;2205;LAMAS;SHANAO
210313;220510;22;SAN MARTIN;2205;LAMAS;TABALOSOS
210314;220511;22;SAN MARTIN;2205;LAMAS;ZAPATERO
210401;220601;22;SAN MARTIN;2206;MARISCAL CACERES;JUANJUI
210402;220602;22;SAN MARTIN;2206;MARISCAL CACERES;CAMPANILLA
210403;220603;22;SAN MARTIN;2206;MARISCAL CACERES;HUICUNGO
210404;220604;22;SAN MARTIN;2206;MARISCAL CACERES;PACHIZA
210405;220605;22;SAN MARTIN;2206;MARISCAL CACERES;PAJARILLO
210901;220701;22;SAN MARTIN;2207;PICOTA;PICOTA
210902;220702;22;SAN MARTIN;2207;PICOTA;BUENOS AIRES
210903;220703;22;SAN MARTIN;2207;PICOTA;CASPISAPA
210904;220704;22;SAN MARTIN;2207;PICOTA;PILLUANA
210905;220705;22;SAN MARTIN;2207;PICOTA;PUCACACA
210906;220706;22;SAN MARTIN;2207;PICOTA;SAN CRISTOBAL
210907;220707;22;SAN MARTIN;2207;PICOTA;SAN HILARION
210910;220708;22;SAN MARTIN;2207;PICOTA;SHAMBOYACU
210908;220709;22;SAN MARTIN;2207;PICOTA;TINGO DE PONASA
210909;220710;22;SAN MARTIN;2207;PICOTA;TRES UNIDOS
210501;220801;22;SAN MARTIN;2208;RIOJA;RIOJA
210509;220802;22;SAN MARTIN;2208;RIOJA;AWAJUN
210506;220803;22;SAN MARTIN;2208;RIOJA;ELIAS SOPLIN VARGAS
210505;220804;22;SAN MARTIN;2208;RIOJA;NUEVA CAJAMARCA
210508;220805;22;SAN MARTIN;2208;RIOJA;PARDO MIGUEL
210502;220806;22;SAN MARTIN;2208;RIOJA;POSIC
210507;220807;22;SAN MARTIN;2208;RIOJA;SAN FERNANDO
210503;220808;22;SAN MARTIN;2208;RIOJA;YORONGOS
210504;220809;22;SAN MARTIN;2208;RIOJA;YURACYACU
210601;220901;22;SAN MARTIN;2209;SAN MARTIN;TARAPOTO
210602;220902;22;SAN MARTIN;2209;SAN MARTIN;ALBERTO LEVEAU
210604;220903;22;SAN MARTIN;2209;SAN MARTIN;CACATACHI
210606;220904;22;SAN MARTIN;2209;SAN MARTIN;CHAZUTA
210607;220905;22;SAN MARTIN;2209;SAN MARTIN;CHIPURANA
210608;220906;22;SAN MARTIN;2209;SAN MARTIN;EL PORVENIR
210609;220907;22;SAN MARTIN;2209;SAN MARTIN;HUIMBAYOC
210610;220908;22;SAN MARTIN;2209;SAN MARTIN;JUAN GUERRA
210621;220909;22;SAN MARTIN;2209;SAN MARTIN;LA BANDA DE SHILCAYO
210611;220910;22;SAN MARTIN;2209;SAN MARTIN;MORALES
210612;220911;22;SAN MARTIN;2209;SAN MARTIN;PAPAPLAYA
210616;220912;22;SAN MARTIN;2209;SAN MARTIN;SAN ANTONIO
210619;220913;22;SAN MARTIN;2209;SAN MARTIN;SAUCE
210620;220914;22;SAN MARTIN;2209;SAN MARTIN;SHAPAJA
210801;221001;22;SAN MARTIN;2210;TOCACHE;TOCACHE
210802;221002;22;SAN MARTIN;2210;TOCACHE;NUEVO PROGRESO
210803;221003;22;SAN MARTIN;2210;TOCACHE;POLVORA
210804;221004;22;SAN MARTIN;2210;TOCACHE;SHUNTE
210805;221005;22;SAN MARTIN;2210;TOCACHE;UCHIZA
220101;230101;23;TACNA;2301;TACNA;TACNA
220111;230102;23;TACNA;2301;TACNA;ALTO DE LA ALIANZA
220102;230103;23;TACNA;2301;TACNA;CALANA
220112;230104;23;TACNA;2301;TACNA;CIUDAD NUEVA
220104;230105;23;TACNA;2301;TACNA;INCLAN
220107;230106;23;TACNA;2301;TACNA;PACHIA
220108;230107;23;TACNA;2301;TACNA;PALCA
220109;230108;23;TACNA;2301;TACNA;POCOLLAY
220110;230109;23;TACNA;2301;TACNA;SAMA
220113;230110;23;TACNA;2301;TACNA;CORONEL GREGORIO ALBARRACIN LANCHIP
220114;230111;23;TACNA;2301;TACNA;LA YARADA LOS PALOS
220401;230201;23;TACNA;2302;CANDARAVE;CANDARAVE
220402;230202;23;TACNA;2302;CANDARAVE;CAIRANI
220406;230203;23;TACNA;2302;CANDARAVE;CAMILACA
220403;230204;23;TACNA;2302;CANDARAVE;CURIBAYA
220404;230205;23;TACNA;2302;CANDARAVE;HUANUARA
220405;230206;23;TACNA;2302;CANDARAVE;QUILAHUANI
220301;230301;23;TACNA;2303;JORGE BASADRE;LOCUMBA
220303;230302;23;TACNA;2303;JORGE BASADRE;ILABAYA
220302;230303;23;TACNA;2303;JORGE BASADRE;ITE
220201;230401;23;TACNA;2304;TARATA;TARATA
220205;230402;23;TACNA;2304;TARATA;CHUCATAMANI
220206;230403;23;TACNA;2304;TARATA;ESTIQUE
220207;230404;23;TACNA;2304;TARATA;ESTIQUE-PAMPA
220210;230405;23;TACNA;2304;TARATA;SITAJARA
220211;230406;23;TACNA;2304;TARATA;SUSAPAYA
220212;230407;23;TACNA;2304;TARATA;TARUCACHI
220213;230408;23;TACNA;2304;TARATA;TICACO
230101;240101;24;TUMBES;2401;TUMBES;TUMBES
230102;240102;24;TUMBES;2401;TUMBES;CORRALES
230103;240103;24;TUMBES;2401;TUMBES;LA CRUZ
230104;240104;24;TUMBES;2401;TUMBES;PAMPAS DE HOSPITAL
230105;240105;24;TUMBES;2401;TUMBES;SAN JACINTO
230106;240106;24;TUMBES;2401;TUMBES;SAN JUAN DE LA VIRGEN
